"","day","soil_vwc_15cm","wx_par_den15","wx_tempavg15","wx_windspeed15","Sensor_ID","sapflow_2.5cm"
"1",2022-06-01,0.362115516669151,815.278163934426,29.6977049180328,0.76359304895082,"C1",0.522934426229508
"2",2022-06-01,0.362115516669151,815.278163934426,29.6977049180328,0.76359304895082,"C10",0.682459016393443
"3",2022-06-01,0.362115516669151,815.278163934426,29.6977049180328,0.76359304895082,"C11",0.403426229508197
"4",2022-06-01,0.362115516669151,815.278163934426,29.6977049180328,0.76359304895082,"C12",0.00291176470588235
"5",2022-06-01,0.362115516669151,815.278163934426,29.6977049180328,0.76359304895082,"C13",0.453196721311475
"6",2022-06-01,0.362115516669151,815.278163934426,29.6977049180328,0.76359304895082,"C14",0.467180327868852
"7",2022-06-01,0.362115516669151,815.278163934426,29.6977049180328,0.76359304895082,"C15",0.322360655737705
"8",2022-06-01,0.362115516669151,815.278163934426,29.6977049180328,0.76359304895082,"C16",4.82450819672131
"9",2022-06-01,0.362115516669151,815.278163934426,29.6977049180328,0.76359304895082,"C17",0.0010625
"10",2022-06-01,0.362115516669151,815.278163934426,29.6977049180328,0.76359304895082,"C18",0.35816393442623
"11",2022-06-01,0.362115516669151,815.278163934426,29.6977049180328,0.76359304895082,"C2",0.611344262295082
"12",2022-06-01,0.362115516669151,815.278163934426,29.6977049180328,0.76359304895082,"C3",0.31544262295082
"13",2022-06-01,0.362115516669151,815.278163934426,29.6977049180328,0.76359304895082,"C4",0.371180327868852
"14",2022-06-01,0.362115516669151,815.278163934426,29.6977049180328,0.76359304895082,"C5",0.00659016393442623
"15",2022-06-01,0.362115516669151,815.278163934426,29.6977049180328,0.76359304895082,"C6",0.574360655737705
"16",2022-06-01,0.362115516669151,815.278163934426,29.6977049180328,0.76359304895082,"C7",0.594672131147541
"17",2022-06-01,0.362115516669151,815.278163934426,29.6977049180328,0.76359304895082,"C8",0.846606557377049
"18",2022-06-01,0.362115516669151,815.278163934426,29.6977049180328,0.76359304895082,"C9",0.38283606557377
"19",2022-06-02,0.364705746763934,588.536721311475,22.9396721311475,1.06886751442623,"C1",0.523508196721311
"20",2022-06-02,0.364705746763934,588.536721311475,22.9396721311475,1.06886751442623,"C10",0.731934426229508
"21",2022-06-02,0.364705746763934,588.536721311475,22.9396721311475,1.06886751442623,"C11",0.426819672131148
"22",2022-06-02,0.364705746763934,588.536721311475,22.9396721311475,1.06886751442623,"C12",0.00207142857142857
"23",2022-06-02,0.364705746763934,588.536721311475,22.9396721311475,1.06886751442623,"C13",0.46972131147541
"24",2022-06-02,0.364705746763934,588.536721311475,22.9396721311475,1.06886751442623,"C14",0.504737704918033
"25",2022-06-02,0.364705746763934,588.536721311475,22.9396721311475,1.06886751442623,"C15",0.362
"26",2022-06-02,0.364705746763934,588.536721311475,22.9396721311475,1.06886751442623,"C16",5.32788524590164
"27",2022-06-02,0.364705746763934,588.536721311475,22.9396721311475,1.06886751442623,"C17",0.00118421052631579
"28",2022-06-02,0.364705746763934,588.536721311475,22.9396721311475,1.06886751442623,"C18",0.390016393442623
"29",2022-06-02,0.364705746763934,588.536721311475,22.9396721311475,1.06886751442623,"C2",0.646081967213115
"30",2022-06-02,0.364705746763934,588.536721311475,22.9396721311475,1.06886751442623,"C3",0.387852459016393
"31",2022-06-02,0.364705746763934,588.536721311475,22.9396721311475,1.06886751442623,"C4",0.377245901639344
"32",2022-06-02,0.364705746763934,588.536721311475,22.9396721311475,1.06886751442623,"C5",0.00716
"33",2022-06-02,0.364705746763934,588.536721311475,22.9396721311475,1.06886751442623,"C6",0.627967213114754
"34",2022-06-02,0.364705746763934,588.536721311475,22.9396721311475,1.06886751442623,"C7",0.628918032786885
"35",2022-06-02,0.364705746763934,588.536721311475,22.9396721311475,1.06886751442623,"C8",0.837622950819672
"36",2022-06-02,0.364705746763934,588.536721311475,22.9396721311475,1.06886751442623,"C9",0.402967213114754
"37",2022-06-03,0.35440215142418,723.785737704918,22.5203278688525,1.61357083934426,"C1",0.502573770491803
"38",2022-06-03,0.35440215142418,723.785737704918,22.5203278688525,1.61357083934426,"C10",0.707533333333333
"39",2022-06-03,0.35440215142418,723.785737704918,22.5203278688525,1.61357083934426,"C11",0.413766666666667
"40",2022-06-03,0.35440215142418,723.785737704918,22.5203278688525,1.61357083934426,"C12",0.00358536585365854
"41",2022-06-03,0.35440215142418,723.785737704918,22.5203278688525,1.61357083934426,"C13",0.455672131147541
"42",2022-06-03,0.35440215142418,723.785737704918,22.5203278688525,1.61357083934426,"C14",0.473409836065574
"43",2022-06-03,0.35440215142418,723.785737704918,22.5203278688525,1.61357083934426,"C15",0.327491803278689
"44",2022-06-03,0.35440215142418,723.785737704918,22.5203278688525,1.61357083934426,"C16",1.4624
"45",2022-06-03,0.35440215142418,723.785737704918,22.5203278688525,1.61357083934426,"C17",0.00173684210526316
"46",2022-06-03,0.35440215142418,723.785737704918,22.5203278688525,1.61357083934426,"C18",0.37875
"47",2022-06-03,0.35440215142418,723.785737704918,22.5203278688525,1.61357083934426,"C2",0.619983606557377
"48",2022-06-03,0.35440215142418,723.785737704918,22.5203278688525,1.61357083934426,"C3",0.345081967213115
"49",2022-06-03,0.35440215142418,723.785737704918,22.5203278688525,1.61357083934426,"C4",0.359475409836066
"50",2022-06-03,0.35440215142418,723.785737704918,22.5203278688525,1.61357083934426,"C5",0.00595238095238095
"51",2022-06-03,0.35440215142418,723.785737704918,22.5203278688525,1.61357083934426,"C6",0.574475409836066
"52",2022-06-03,0.35440215142418,723.785737704918,22.5203278688525,1.61357083934426,"C7",0.5885
"53",2022-06-03,0.35440215142418,723.785737704918,22.5203278688525,1.61357083934426,"C8",0.621166666666667
"54",2022-06-03,0.35440215142418,723.785737704918,22.5203278688525,1.61357083934426,"C9",0.372229508196721
"55",2022-06-04,0.368564877884734,849.893606557377,23.9770491803279,0.856423549216393,"C1",0.526098360655738
"56",2022-06-04,0.368564877884734,849.893606557377,23.9770491803279,0.856423549216393,"C10",0.698213114754098
"57",2022-06-04,0.368564877884734,849.893606557377,23.9770491803279,0.856423549216393,"C11",0.406540983606557
"58",2022-06-04,0.368564877884734,849.893606557377,23.9770491803279,0.856423549216393,"C12",0.00342857142857143
"59",2022-06-04,0.368564877884734,849.893606557377,23.9770491803279,0.856423549216393,"C13",0.449409836065574
"60",2022-06-04,0.368564877884734,849.893606557377,23.9770491803279,0.856423549216393,"C14",0.473524590163934
"61",2022-06-04,0.368564877884734,849.893606557377,23.9770491803279,0.856423549216393,"C15",0.327213114754098
"62",2022-06-04,0.368564877884734,849.893606557377,23.9770491803279,0.856423549216393,"C16",0.464213114754098
"63",2022-06-04,0.368564877884734,849.893606557377,23.9770491803279,0.856423549216393,"C17",0.00366666666666667
"64",2022-06-04,0.368564877884734,849.893606557377,23.9770491803279,0.856423549216393,"C18",0.365229508196721
"65",2022-06-04,0.368564877884734,849.893606557377,23.9770491803279,0.856423549216393,"C2",0.616081967213115
"66",2022-06-04,0.368564877884734,849.893606557377,23.9770491803279,0.856423549216393,"C3",0.328983606557377
"67",2022-06-04,0.368564877884734,849.893606557377,23.9770491803279,0.856423549216393,"C4",0.364459016393443
"68",2022-06-04,0.368564877884734,849.893606557377,23.9770491803279,0.856423549216393,"C5",0
"69",2022-06-04,0.368564877884734,849.893606557377,23.9770491803279,0.856423549216393,"C6",0.566459016393443
"70",2022-06-04,0.368564877884734,849.893606557377,23.9770491803279,0.856423549216393,"C7",0.600950819672131
"71",2022-06-04,0.368564877884734,849.893606557377,23.9770491803279,0.856423549216393,"C9",0.381114754098361
"72",2022-06-05,0.349548247489568,920.937245901639,21.9231147540984,1.46868790065574,"C1",0.51472131147541
"73",2022-06-05,0.349548247489568,920.937245901639,21.9231147540984,1.46868790065574,"C10",0.702032786885246
"74",2022-06-05,0.349548247489568,920.937245901639,21.9231147540984,1.46868790065574,"C11",0.406131147540984
"75",2022-06-05,0.349548247489568,920.937245901639,21.9231147540984,1.46868790065574,"C12",0.0034
"76",2022-06-05,0.349548247489568,920.937245901639,21.9231147540984,1.46868790065574,"C13",0.453786885245902
"77",2022-06-05,0.349548247489568,920.937245901639,21.9231147540984,1.46868790065574,"C14",0.468262295081967
"78",2022-06-05,0.349548247489568,920.937245901639,21.9231147540984,1.46868790065574,"C15",0.321180327868852
"79",2022-06-05,0.349548247489568,920.937245901639,21.9231147540984,1.46868790065574,"C16",0.462655737704918
"80",2022-06-05,0.349548247489568,920.937245901639,21.9231147540984,1.46868790065574,"C17",0.001875
"81",2022-06-05,0.349548247489568,920.937245901639,21.9231147540984,1.46868790065574,"C18",0.364737704918033
"82",2022-06-05,0.349548247489568,920.937245901639,21.9231147540984,1.46868790065574,"C2",0.615918032786885
"83",2022-06-05,0.349548247489568,920.937245901639,21.9231147540984,1.46868790065574,"C3",0.341524590163934
"84",2022-06-05,0.349548247489568,920.937245901639,21.9231147540984,1.46868790065574,"C4",0.381508196721311
"85",2022-06-05,0.349548247489568,920.937245901639,21.9231147540984,1.46868790065574,"C5",0
"86",2022-06-05,0.349548247489568,920.937245901639,21.9231147540984,1.46868790065574,"C6",0.561737704918033
"87",2022-06-05,0.349548247489568,920.937245901639,21.9231147540984,1.46868790065574,"C7",0.603377049180328
"88",2022-06-05,0.349548247489568,920.937245901639,21.9231147540984,1.46868790065574,"C9",0.378655737704918
"89",2022-06-06,0.3570255401027,923.627278688525,22.6755737704918,1.37045585345902,"C1",0.505360655737705
"90",2022-06-06,0.3570255401027,923.627278688525,22.6755737704918,1.37045585345902,"C10",0.703983606557377
"91",2022-06-06,0.3570255401027,923.627278688525,22.6755737704918,1.37045585345902,"C11",0.406737704918033
"92",2022-06-06,0.3570255401027,923.627278688525,22.6755737704918,1.37045585345902,"C12",0.00373684210526316
"93",2022-06-06,0.3570255401027,923.627278688525,22.6755737704918,1.37045585345902,"C13",0.456262295081967
"94",2022-06-06,0.3570255401027,923.627278688525,22.6755737704918,1.37045585345902,"C14",0.47655737704918
"95",2022-06-06,0.3570255401027,923.627278688525,22.6755737704918,1.37045585345902,"C15",0.329065573770492
"96",2022-06-06,0.3570255401027,923.627278688525,22.6755737704918,1.37045585345902,"C16",0.463983606557377
"97",2022-06-06,0.3570255401027,923.627278688525,22.6755737704918,1.37045585345902,"C17",0.00370588235294118
"98",2022-06-06,0.3570255401027,923.627278688525,22.6755737704918,1.37045585345902,"C18",0.370688524590164
"99",2022-06-06,0.3570255401027,923.627278688525,22.6755737704918,1.37045585345902,"C2",0.620229508196721
"100",2022-06-06,0.3570255401027,923.627278688525,22.6755737704918,1.37045585345902,"C3",0.339508196721311
"101",2022-06-06,0.3570255401027,923.627278688525,22.6755737704918,1.37045585345902,"C4",0.374180327868852
"102",2022-06-06,0.3570255401027,923.627278688525,22.6755737704918,1.37045585345902,"C5",6e-04
"103",2022-06-06,0.3570255401027,923.627278688525,22.6755737704918,1.37045585345902,"C6",0.569590163934426
"104",2022-06-06,0.3570255401027,923.627278688525,22.6755737704918,1.37045585345902,"C7",0.605803278688525
"105",2022-06-06,0.3570255401027,923.627278688525,22.6755737704918,1.37045585345902,"C9",0.385540983606557
"106",2022-06-07,0.348356570560164,491.691983606557,23.167868852459,1.39618580655738,"C1",0.51555
"107",2022-06-07,0.348356570560164,491.691983606557,23.167868852459,1.39618580655738,"C10",0.731737704918033
"108",2022-06-07,0.348356570560164,491.691983606557,23.167868852459,1.39618580655738,"C11",0.413081967213115
"109",2022-06-07,0.348356570560164,491.691983606557,23.167868852459,1.39618580655738,"C12",0.35602380952381
"110",2022-06-07,0.348356570560164,491.691983606557,23.167868852459,1.39618580655738,"C13",0.454147540983607
"111",2022-06-07,0.348356570560164,491.691983606557,23.167868852459,1.39618580655738,"C14",0.499081967213115
"112",2022-06-07,0.348356570560164,491.691983606557,23.167868852459,1.39618580655738,"C15",0.348213114754098
"113",2022-06-07,0.348356570560164,491.691983606557,23.167868852459,1.39618580655738,"C16",0.481114754098361
"114",2022-06-07,0.348356570560164,491.691983606557,23.167868852459,1.39618580655738,"C17",2.5357027027027
"115",2022-06-07,0.348356570560164,491.691983606557,23.167868852459,1.39618580655738,"C18",0.37427868852459
"116",2022-06-07,0.348356570560164,491.691983606557,23.167868852459,1.39618580655738,"C2",0.6324
"117",2022-06-07,0.348356570560164,491.691983606557,23.167868852459,1.39618580655738,"C3",0.364491803278689
"118",2022-06-07,0.348356570560164,491.691983606557,23.167868852459,1.39618580655738,"C4",0.357283333333333
"119",2022-06-07,0.348356570560164,491.691983606557,23.167868852459,1.39618580655738,"C5",0.002
"120",2022-06-07,0.348356570560164,491.691983606557,23.167868852459,1.39618580655738,"C6",0.598590163934426
"121",2022-06-07,0.348356570560164,491.691983606557,23.167868852459,1.39618580655738,"C7",0.638639344262295
"122",2022-06-07,0.348356570560164,491.691983606557,23.167868852459,1.39618580655738,"C9",0.425754098360656
"123",2022-06-08,0.348229193148505,784.759557377049,26.0744262295082,1.22752936229508,"C1",0.497065573770492
"124",2022-06-08,0.348229193148505,784.759557377049,26.0744262295082,1.22752936229508,"C10",0.705491803278689
"125",2022-06-08,0.348229193148505,784.759557377049,26.0744262295082,1.22752936229508,"C11",0.394639344262295
"126",2022-06-08,0.348229193148505,784.759557377049,26.0744262295082,1.22752936229508,"C12",0.573786885245902
"127",2022-06-08,0.348229193148505,784.759557377049,26.0744262295082,1.22752936229508,"C13",0.47072131147541
"128",2022-06-08,0.348229193148505,784.759557377049,26.0744262295082,1.22752936229508,"C14",0.481475409836066
"129",2022-06-08,0.348229193148505,784.759557377049,26.0744262295082,1.22752936229508,"C15",0.33383606557377
"130",2022-06-08,0.348229193148505,784.759557377049,26.0744262295082,1.22752936229508,"C16",0.456163934426229
"131",2022-06-08,0.348229193148505,784.759557377049,26.0744262295082,1.22752936229508,"C17",3.23385245901639
"132",2022-06-08,0.348229193148505,784.759557377049,26.0744262295082,1.22752936229508,"C18",0.371344262295082
"133",2022-06-08,0.348229193148505,784.759557377049,26.0744262295082,1.22752936229508,"C2",0.620032786885246
"134",2022-06-08,0.348229193148505,784.759557377049,26.0744262295082,1.22752936229508,"C3",0.331868852459016
"135",2022-06-08,0.348229193148505,784.759557377049,26.0744262295082,1.22752936229508,"C4",0.334327868852459
"136",2022-06-08,0.348229193148505,784.759557377049,26.0744262295082,1.22752936229508,"C6",0.57927868852459
"137",2022-06-08,0.348229193148505,784.759557377049,26.0744262295082,1.22752936229508,"C7",0.61116393442623
"138",2022-06-08,0.348229193148505,784.759557377049,26.0744262295082,1.22752936229508,"C9",0.392508196721311
"139",2022-06-09,0.364281627584347,795.829081967213,25.0124590163934,2.20377706721311,"C1",0.490819672131148
"140",2022-06-09,0.364281627584347,795.829081967213,25.0124590163934,2.20377706721311,"C10",0.702098360655738
"141",2022-06-09,0.364281627584347,795.829081967213,25.0124590163934,2.20377706721311,"C11",0.388409836065574
"142",2022-06-09,0.364281627584347,795.829081967213,25.0124590163934,2.20377706721311,"C12",0.586901639344262
"143",2022-06-09,0.364281627584347,795.829081967213,25.0124590163934,2.20377706721311,"C13",0.461491803278689
"144",2022-06-09,0.364281627584347,795.829081967213,25.0124590163934,2.20377706721311,"C14",0.475950819672131
"145",2022-06-09,0.364281627584347,795.829081967213,25.0124590163934,2.20377706721311,"C15",0.330491803278689
"146",2022-06-09,0.364281627584347,795.829081967213,25.0124590163934,2.20377706721311,"C16",0.454377049180328
"147",2022-06-09,0.364281627584347,795.829081967213,25.0124590163934,2.20377706721311,"C17",3.25206557377049
"148",2022-06-09,0.364281627584347,795.829081967213,25.0124590163934,2.20377706721311,"C18",0.374459016393443
"149",2022-06-09,0.364281627584347,795.829081967213,25.0124590163934,2.20377706721311,"C2",0.621311475409836
"150",2022-06-09,0.364281627584347,795.829081967213,25.0124590163934,2.20377706721311,"C3",0.331688524590164
"151",2022-06-09,0.364281627584347,795.829081967213,25.0124590163934,2.20377706721311,"C4",0.333590163934426
"152",2022-06-09,0.364281627584347,795.829081967213,25.0124590163934,2.20377706721311,"C5",0.001
"153",2022-06-09,0.364281627584347,795.829081967213,25.0124590163934,2.20377706721311,"C6",0.579950819672131
"154",2022-06-09,0.364281627584347,795.829081967213,25.0124590163934,2.20377706721311,"C7",0.600114754098361
"155",2022-06-09,0.364281627584347,795.829081967213,25.0124590163934,2.20377706721311,"C9",0.383131147540984
"156",2022-06-10,0.346011704127794,783.119049180328,22.7327868852459,1.14015582704918,"C1",0.534227272727273
"157",2022-06-10,0.346011704127794,783.119049180328,22.7327868852459,1.14015582704918,"C10",0.704262295081967
"158",2022-06-10,0.346011704127794,783.119049180328,22.7327868852459,1.14015582704918,"C11",0.391852459016393
"159",2022-06-10,0.346011704127794,783.119049180328,22.7327868852459,1.14015582704918,"C12",0.59885
"160",2022-06-10,0.346011704127794,783.119049180328,22.7327868852459,1.14015582704918,"C13",0.460245901639344
"161",2022-06-10,0.346011704127794,783.119049180328,22.7327868852459,1.14015582704918,"C14",0.479754098360656
"162",2022-06-10,0.346011704127794,783.119049180328,22.7327868852459,1.14015582704918,"C15",0.33183606557377
"163",2022-06-10,0.346011704127794,783.119049180328,22.7327868852459,1.14015582704918,"C16",0.455508196721311
"164",2022-06-10,0.346011704127794,783.119049180328,22.7327868852459,1.14015582704918,"C17",1.79719512195122
"165",2022-06-10,0.346011704127794,783.119049180328,22.7327868852459,1.14015582704918,"C18",0.371016393442623
"166",2022-06-10,0.346011704127794,783.119049180328,22.7327868852459,1.14015582704918,"C2",0.623454545454545
"167",2022-06-10,0.346011704127794,783.119049180328,22.7327868852459,1.14015582704918,"C3",0.328360655737705
"168",2022-06-10,0.346011704127794,783.119049180328,22.7327868852459,1.14015582704918,"C4",0.342295454545455
"169",2022-06-10,0.346011704127794,783.119049180328,22.7327868852459,1.14015582704918,"C5",0.328724137931034
"170",2022-06-10,0.346011704127794,783.119049180328,22.7327868852459,1.14015582704918,"C6",0.589393442622951
"171",2022-06-10,0.346011704127794,783.119049180328,22.7327868852459,1.14015582704918,"C7",0.607327868852459
"172",2022-06-10,0.346011704127794,783.119049180328,22.7327868852459,1.14015582704918,"C9",0.390918032786885
"173",2022-06-11,0.356995864418999,263.97168852459,19.4075409836066,0.552894905937705,"C1",0.494459016393443
"174",2022-06-11,0.356995864418999,263.97168852459,19.4075409836066,0.552894905937705,"C10",0.76583606557377
"175",2022-06-11,0.356995864418999,263.97168852459,19.4075409836066,0.552894905937705,"C11",0.433049180327869
"176",2022-06-11,0.356995864418999,263.97168852459,19.4075409836066,0.552894905937705,"C12",0.63927868852459
"177",2022-06-11,0.356995864418999,263.97168852459,19.4075409836066,0.552894905937705,"C13",0.495583333333333
"178",2022-06-11,0.356995864418999,263.97168852459,19.4075409836066,0.552894905937705,"C14",0.524516666666667
"179",2022-06-11,0.356995864418999,263.97168852459,19.4075409836066,0.552894905937705,"C15",0.370966666666667
"180",2022-06-11,0.356995864418999,263.97168852459,19.4075409836066,0.552894905937705,"C16",0.509852459016393
"181",2022-06-11,0.356995864418999,263.97168852459,19.4075409836066,0.552894905937705,"C17",0.461950819672131
"182",2022-06-11,0.356995864418999,263.97168852459,19.4075409836066,0.552894905937705,"C18",0.404754098360656
"183",2022-06-11,0.356995864418999,263.97168852459,19.4075409836066,0.552894905937705,"C2",0.649295081967213
"184",2022-06-11,0.356995864418999,263.97168852459,19.4075409836066,0.552894905937705,"C3",0.392533333333333
"185",2022-06-11,0.356995864418999,263.97168852459,19.4075409836066,0.552894905937705,"C4",0.371229508196721
"186",2022-06-11,0.356995864418999,263.97168852459,19.4075409836066,0.552894905937705,"C5",0.504131147540984
"187",2022-06-11,0.356995864418999,263.97168852459,19.4075409836066,0.552894905937705,"C6",0.6411
"188",2022-06-11,0.356995864418999,263.97168852459,19.4075409836066,0.552894905937705,"C7",0.674950819672131
"189",2022-06-11,0.356995864418999,263.97168852459,19.4075409836066,0.552894905937705,"C9",0.455866666666667
"190",2022-06-12,0.333624204419355,520.226836065574,22.3149180327869,0.793553595032787,"C1",0.471032786885246
"191",2022-06-12,0.333624204419355,520.226836065574,22.3149180327869,0.793553595032787,"C10",0.749262295081967
"192",2022-06-12,0.333624204419355,520.226836065574,22.3149180327869,0.793553595032787,"C11",0.414114754098361
"193",2022-06-12,0.333624204419355,520.226836065574,22.3149180327869,0.793553595032787,"C12",0.626032786885246
"194",2022-06-12,0.333624204419355,520.226836065574,22.3149180327869,0.793553595032787,"C13",0.468377049180328
"195",2022-06-12,0.333624204419355,520.226836065574,22.3149180327869,0.793553595032787,"C14",0.513885245901639
"196",2022-06-12,0.333624204419355,520.226836065574,22.3149180327869,0.793553595032787,"C15",0.362131147540984
"197",2022-06-12,0.333624204419355,520.226836065574,22.3149180327869,0.793553595032787,"C16",0.504770491803279
"198",2022-06-12,0.333624204419355,520.226836065574,22.3149180327869,0.793553595032787,"C17",0.437737704918033
"199",2022-06-12,0.333624204419355,520.226836065574,22.3149180327869,0.793553595032787,"C18",0.393524590163934
"200",2022-06-12,0.333624204419355,520.226836065574,22.3149180327869,0.793553595032787,"C2",0.623786885245902
"201",2022-06-12,0.333624204419355,520.226836065574,22.3149180327869,0.793553595032787,"C3",0.377081967213115
"202",2022-06-12,0.333624204419355,520.226836065574,22.3149180327869,0.793553595032787,"C4",0.359803278688525
"203",2022-06-12,0.333624204419355,520.226836065574,22.3149180327869,0.793553595032787,"C5",0.502459016393443
"204",2022-06-12,0.333624204419355,520.226836065574,22.3149180327869,0.793553595032787,"C6",0.63116393442623
"205",2022-06-12,0.333624204419355,520.226836065574,22.3149180327869,0.793553595032787,"C7",0.653114754098361
"206",2022-06-12,0.333624204419355,520.226836065574,22.3149180327869,0.793553595032787,"C9",0.430852459016393
"207",2022-06-13,0.347554811375463,797.800147540984,27.5468852459016,0.865991489147541,"C1",0.486770491803279
"208",2022-06-13,0.347554811375463,797.800147540984,27.5468852459016,0.865991489147541,"C10",0.700672131147541
"209",2022-06-13,0.347554811375463,797.800147540984,27.5468852459016,0.865991489147541,"C11",0.40355737704918
"210",2022-06-13,0.347554811375463,797.800147540984,27.5468852459016,0.865991489147541,"C12",0.591983606557377
"211",2022-06-13,0.347554811375463,797.800147540984,27.5468852459016,0.865991489147541,"C13",0.468147540983607
"212",2022-06-13,0.347554811375463,797.800147540984,27.5468852459016,0.865991489147541,"C14",0.480918032786885
"213",2022-06-13,0.347554811375463,797.800147540984,27.5468852459016,0.865991489147541,"C15",0.33555737704918
"214",2022-06-13,0.347554811375463,797.800147540984,27.5468852459016,0.865991489147541,"C16",0.476229508196721
"215",2022-06-13,0.347554811375463,797.800147540984,27.5468852459016,0.865991489147541,"C17",0.391967213114754
"216",2022-06-13,0.347554811375463,797.800147540984,27.5468852459016,0.865991489147541,"C18",0.373967213114754
"217",2022-06-13,0.347554811375463,797.800147540984,27.5468852459016,0.865991489147541,"C2",0.601377049180328
"218",2022-06-13,0.347554811375463,797.800147540984,27.5468852459016,0.865991489147541,"C3",0.332770491803279
"219",2022-06-13,0.347554811375463,797.800147540984,27.5468852459016,0.865991489147541,"C4",0.331754098360656
"220",2022-06-13,0.347554811375463,797.800147540984,27.5468852459016,0.865991489147541,"C5",0.462508196721311
"221",2022-06-13,0.347554811375463,797.800147540984,27.5468852459016,0.865991489147541,"C6",0.588049180327869
"222",2022-06-13,0.347554811375463,797.800147540984,27.5468852459016,0.865991489147541,"C7",0.611540983606557
"223",2022-06-13,0.347554811375463,797.800147540984,27.5468852459016,0.865991489147541,"C9",0.395803278688525
"224",2022-06-14,0.376356242909091,488.635442622951,22.3462295081967,1.04995123483607,"C1",0.502213114754098
"225",2022-06-14,0.376356242909091,488.635442622951,22.3462295081967,1.04995123483607,"C10",0.74383606557377
"226",2022-06-14,0.376356242909091,488.635442622951,22.3462295081967,1.04995123483607,"C11",0.423016393442623
"227",2022-06-14,0.376356242909091,488.635442622951,22.3462295081967,1.04995123483607,"C12",0.610196721311475
"228",2022-06-14,0.376356242909091,488.635442622951,22.3462295081967,1.04995123483607,"C13",0.470819672131148
"229",2022-06-14,0.376356242909091,488.635442622951,22.3462295081967,1.04995123483607,"C14",0.502672131147541
"230",2022-06-14,0.376356242909091,488.635442622951,22.3462295081967,1.04995123483607,"C15",0.356540983606557
"231",2022-06-14,0.376356242909091,488.635442622951,22.3462295081967,1.04995123483607,"C16",0.511852459016393
"232",2022-06-14,0.376356242909091,488.635442622951,22.3462295081967,1.04995123483607,"C17",0.433409836065574
"233",2022-06-14,0.376356242909091,488.635442622951,22.3462295081967,1.04995123483607,"C18",0.410918032786885
"234",2022-06-14,0.376356242909091,488.635442622951,22.3462295081967,1.04995123483607,"C2",0.617852459016393
"235",2022-06-14,0.376356242909091,488.635442622951,22.3462295081967,1.04995123483607,"C3",0.36555737704918
"236",2022-06-14,0.376356242909091,488.635442622951,22.3462295081967,1.04995123483607,"C4",0.355180327868852
"237",2022-06-14,0.376356242909091,488.635442622951,22.3462295081967,1.04995123483607,"C5",0.50044262295082
"238",2022-06-14,0.376356242909091,488.635442622951,22.3462295081967,1.04995123483607,"C6",0.629901639344262
"239",2022-06-14,0.376356242909091,488.635442622951,22.3462295081967,1.04995123483607,"C7",0.638147540983607
"240",2022-06-14,0.376356242909091,488.635442622951,22.3462295081967,1.04995123483607,"C9",0.403229508196721
"241",2022-06-15,0.372783914363217,893.191868852459,26.6162295081967,0.993237982295082,"C1",0.462049180327869
"242",2022-06-15,0.372783914363217,893.191868852459,26.6162295081967,0.993237982295082,"C10",0.69972131147541
"243",2022-06-15,0.372783914363217,893.191868852459,26.6162295081967,0.993237982295082,"C11",0.40916393442623
"244",2022-06-15,0.372783914363217,893.191868852459,26.6162295081967,0.993237982295082,"C12",0.594491803278689
"245",2022-06-15,0.372783914363217,893.191868852459,26.6162295081967,0.993237982295082,"C13",0.462590163934426
"246",2022-06-15,0.372783914363217,893.191868852459,26.6162295081967,0.993237982295082,"C14",0.472491803278689
"247",2022-06-15,0.372783914363217,893.191868852459,26.6162295081967,0.993237982295082,"C15",0.328770491803279
"248",2022-06-15,0.372783914363217,893.191868852459,26.6162295081967,0.993237982295082,"C16",0.476688524590164
"249",2022-06-15,0.372783914363217,893.191868852459,26.6162295081967,0.993237982295082,"C17",0.38355737704918
"250",2022-06-15,0.372783914363217,893.191868852459,26.6162295081967,0.993237982295082,"C18",0.375704918032787
"251",2022-06-15,0.372783914363217,893.191868852459,26.6162295081967,0.993237982295082,"C2",0.589065573770492
"252",2022-06-15,0.372783914363217,893.191868852459,26.6162295081967,0.993237982295082,"C3",0.31727868852459
"253",2022-06-15,0.372783914363217,893.191868852459,26.6162295081967,0.993237982295082,"C4",0.324606557377049
"254",2022-06-15,0.372783914363217,893.191868852459,26.6162295081967,0.993237982295082,"C5",0.454672131147541
"255",2022-06-15,0.372783914363217,893.191868852459,26.6162295081967,0.993237982295082,"C6",0.537524590163934
"256",2022-06-15,0.372783914363217,893.191868852459,26.6162295081967,0.993237982295082,"C7",0.60455737704918
"257",2022-06-15,0.372783914363217,893.191868852459,26.6162295081967,0.993237982295082,"C9",0.38872131147541
"258",2022-06-16,0.360431180873323,462.76062295082,23.975737704918,1.11058802459016,"C1",0.479704918032787
"259",2022-06-16,0.360431180873323,462.76062295082,23.975737704918,1.11058802459016,"C10",0.749639344262295
"260",2022-06-16,0.360431180873323,462.76062295082,23.975737704918,1.11058802459016,"C11",0.432918032786885
"261",2022-06-16,0.360431180873323,462.76062295082,23.975737704918,1.11058802459016,"C12",0.619704918032787
"262",2022-06-16,0.360431180873323,462.76062295082,23.975737704918,1.11058802459016,"C13",0.473081967213115
"263",2022-06-16,0.360431180873323,462.76062295082,23.975737704918,1.11058802459016,"C14",0.502770491803279
"264",2022-06-16,0.360431180873323,462.76062295082,23.975737704918,1.11058802459016,"C15",0.356836065573771
"265",2022-06-16,0.360431180873323,462.76062295082,23.975737704918,1.11058802459016,"C16",0.524180327868852
"266",2022-06-16,0.360431180873323,462.76062295082,23.975737704918,1.11058802459016,"C17",0.428081967213115
"267",2022-06-16,0.360431180873323,462.76062295082,23.975737704918,1.11058802459016,"C18",0.405147540983607
"268",2022-06-16,0.360431180873323,462.76062295082,23.975737704918,1.11058802459016,"C2",0.603540983606557
"269",2022-06-16,0.360431180873323,462.76062295082,23.975737704918,1.11058802459016,"C3",0.363032786885246
"270",2022-06-16,0.360431180873323,462.76062295082,23.975737704918,1.11058802459016,"C4",0.350885245901639
"271",2022-06-16,0.360431180873323,462.76062295082,23.975737704918,1.11058802459016,"C5",0.48227868852459
"272",2022-06-16,0.360431180873323,462.76062295082,23.975737704918,1.11058802459016,"C6",0.572786885245902
"273",2022-06-16,0.360431180873323,462.76062295082,23.975737704918,1.11058802459016,"C7",0.646131147540984
"274",2022-06-16,0.360431180873323,462.76062295082,23.975737704918,1.11058802459016,"C9",0.421639344262295
"275",2022-06-17,0.35695394738301,805.389606557377,30.5826229508197,0.989350145737705,"C1",0.464295081967213
"276",2022-06-17,0.35695394738301,805.389606557377,30.5826229508197,0.989350145737705,"C10",0.694327868852459
"277",2022-06-17,0.35695394738301,805.389606557377,30.5826229508197,0.989350145737705,"C11",0.405049180327869
"278",2022-06-17,0.35695394738301,805.389606557377,30.5826229508197,0.989350145737705,"C12",0.589639344262295
"279",2022-06-17,0.35695394738301,805.389606557377,30.5826229508197,0.989350145737705,"C13",0.456852459016393
"280",2022-06-17,0.35695394738301,805.389606557377,30.5826229508197,0.989350145737705,"C14",0.463524590163934
"281",2022-06-17,0.35695394738301,805.389606557377,30.5826229508197,0.989350145737705,"C15",0.321819672131148
"282",2022-06-17,0.35695394738301,805.389606557377,30.5826229508197,0.989350145737705,"C16",0.486131147540984
"283",2022-06-17,0.35695394738301,805.389606557377,30.5826229508197,0.989350145737705,"C17",0.372622950819672
"284",2022-06-17,0.35695394738301,805.389606557377,30.5826229508197,0.989350145737705,"C18",0.371491803278689
"285",2022-06-17,0.35695394738301,805.389606557377,30.5826229508197,0.989350145737705,"C2",0.567114754098361
"286",2022-06-17,0.35695394738301,805.389606557377,30.5826229508197,0.989350145737705,"C3",0.308852459016393
"287",2022-06-17,0.35695394738301,805.389606557377,30.5826229508197,0.989350145737705,"C4",0.328901639344262
"288",2022-06-17,0.35695394738301,805.389606557377,30.5826229508197,0.989350145737705,"C5",0.412803278688525
"289",2022-06-17,0.35695394738301,805.389606557377,30.5826229508197,0.989350145737705,"C6",0.502737704918033
"290",2022-06-17,0.35695394738301,805.389606557377,30.5826229508197,0.989350145737705,"C7",0.595540983606557
"291",2022-06-17,0.35695394738301,805.389606557377,30.5826229508197,0.989350145737705,"C9",0.38644262295082
"292",2022-06-18,0.347528335559426,789.326065573771,22.0170491803279,2.86698535377049,"C1",0.52044262295082
"293",2022-06-18,0.347528335559426,789.326065573771,22.0170491803279,2.86698535377049,"C10",0.714655737704918
"294",2022-06-18,0.347528335559426,789.326065573771,22.0170491803279,2.86698535377049,"C11",0.43772131147541
"295",2022-06-18,0.347528335559426,789.326065573771,22.0170491803279,2.86698535377049,"C12",0.599491803278688
"296",2022-06-18,0.347528335559426,789.326065573771,22.0170491803279,2.86698535377049,"C13",0.447344262295082
"297",2022-06-18,0.347528335559426,789.326065573771,22.0170491803279,2.86698535377049,"C14",0.460918032786885
"298",2022-06-18,0.347528335559426,789.326065573771,22.0170491803279,2.86698535377049,"C15",0.320803278688525
"299",2022-06-18,0.347528335559426,789.326065573771,22.0170491803279,2.86698535377049,"C16",0.501491803278688
"300",2022-06-18,0.347528335559426,789.326065573771,22.0170491803279,2.86698535377049,"C17",0.387754098360656
"301",2022-06-18,0.347528335559426,789.326065573771,22.0170491803279,2.86698535377049,"C18",0.383590163934426
"302",2022-06-18,0.347528335559426,789.326065573771,22.0170491803279,2.86698535377049,"C2",0.588
"303",2022-06-18,0.347528335559426,789.326065573771,22.0170491803279,2.86698535377049,"C3",0.363540983606557
"304",2022-06-18,0.347528335559426,789.326065573771,22.0170491803279,2.86698535377049,"C4",0.380393442622951
"305",2022-06-18,0.347528335559426,789.326065573771,22.0170491803279,2.86698535377049,"C5",0.410852459016393
"306",2022-06-18,0.347528335559426,789.326065573771,22.0170491803279,2.86698535377049,"C6",0.527327868852459
"307",2022-06-18,0.347528335559426,789.326065573771,22.0170491803279,2.86698535377049,"C7",0.607229508196721
"308",2022-06-18,0.347528335559426,789.326065573771,22.0170491803279,2.86698535377049,"C9",0.391114754098361
"309",2022-06-19,0.341373070563038,928.552475409836,20.7224590163934,2.39923616622951,"C1",0.521606557377049
"310",2022-06-19,0.341373070563038,928.552475409836,20.7224590163934,2.39923616622951,"C10",0.716819672131148
"311",2022-06-19,0.341373070563038,928.552475409836,20.7224590163934,2.39923616622951,"C11",0.432754098360656
"312",2022-06-19,0.341373070563038,928.552475409836,20.7224590163934,2.39923616622951,"C12",0.597770491803279
"313",2022-06-19,0.341373070563038,928.552475409836,20.7224590163934,2.39923616622951,"C13",0.454066666666667
"314",2022-06-19,0.341373070563038,928.552475409836,20.7224590163934,2.39923616622951,"C14",0.46335
"315",2022-06-19,0.341373070563038,928.552475409836,20.7224590163934,2.39923616622951,"C15",0.324816666666667
"316",2022-06-19,0.341373070563038,928.552475409836,20.7224590163934,2.39923616622951,"C16",0.50616393442623
"317",2022-06-19,0.341373070563038,928.552475409836,20.7224590163934,2.39923616622951,"C17",0.386196721311475
"318",2022-06-19,0.341373070563038,928.552475409836,20.7224590163934,2.39923616622951,"C18",0.380983606557377
"319",2022-06-19,0.341373070563038,928.552475409836,20.7224590163934,2.39923616622951,"C2",0.589852459016393
"320",2022-06-19,0.341373070563038,928.552475409836,20.7224590163934,2.39923616622951,"C3",0.3637
"321",2022-06-19,0.341373070563038,928.552475409836,20.7224590163934,2.39923616622951,"C4",0.396786885245902
"322",2022-06-19,0.341373070563038,928.552475409836,20.7224590163934,2.39923616622951,"C5",0.392163934426229
"323",2022-06-19,0.341373070563038,928.552475409836,20.7224590163934,2.39923616622951,"C6",0.5402
"324",2022-06-19,0.341373070563038,928.552475409836,20.7224590163934,2.39923616622951,"C7",0.604983606557377
"325",2022-06-19,0.341373070563038,928.552475409836,20.7224590163934,2.39923616622951,"C9",0.399366666666667
"326",2022-06-20,0.339029830268256,920.587344262295,22.2109836065574,1.02326451027869,"C1",0.526688524590164
"327",2022-06-20,0.339029830268256,920.587344262295,22.2109836065574,1.02326451027869,"C10",0.71472131147541
"328",2022-06-20,0.339029830268256,920.587344262295,22.2109836065574,1.02326451027869,"C11",0.421196721311475
"329",2022-06-20,0.339029830268256,920.587344262295,22.2109836065574,1.02326451027869,"C12",0.599032786885246
"330",2022-06-20,0.339029830268256,920.587344262295,22.2109836065574,1.02326451027869,"C13",0.454983606557377
"331",2022-06-20,0.339029830268256,920.587344262295,22.2109836065574,1.02326451027869,"C14",0.465491803278689
"332",2022-06-20,0.339029830268256,920.587344262295,22.2109836065574,1.02326451027869,"C15",0.325688524590164
"333",2022-06-20,0.339029830268256,920.587344262295,22.2109836065574,1.02326451027869,"C16",0.513622950819672
"334",2022-06-20,0.339029830268256,920.587344262295,22.2109836065574,1.02326451027869,"C17",0.386934426229508
"335",2022-06-20,0.339029830268256,920.587344262295,22.2109836065574,1.02326451027869,"C18",0.384377049180328
"336",2022-06-20,0.339029830268256,920.587344262295,22.2109836065574,1.02326451027869,"C2",0.593918032786885
"337",2022-06-20,0.339029830268256,920.587344262295,22.2109836065574,1.02326451027869,"C3",0.349426229508197
"338",2022-06-20,0.339029830268256,920.587344262295,22.2109836065574,1.02326451027869,"C4",0.387098360655738
"339",2022-06-20,0.339029830268256,920.587344262295,22.2109836065574,1.02326451027869,"C5",0.395819672131148
"340",2022-06-20,0.339029830268256,920.587344262295,22.2109836065574,1.02326451027869,"C6",0.55955737704918
"341",2022-06-20,0.339029830268256,920.587344262295,22.2109836065574,1.02326451027869,"C7",0.608688524590164
"342",2022-06-20,0.339029830268256,920.587344262295,22.2109836065574,1.02326451027869,"C9",0.416590163934426
"343",2022-06-21,0.33147997974783,562.239803278689,22.7180327868852,0.421367846721312,"C1",0.537754098360656
"344",2022-06-21,0.33147997974783,562.239803278689,22.7180327868852,0.421367846721312,"C10",0.735770491803279
"345",2022-06-21,0.33147997974783,562.239803278689,22.7180327868852,0.421367846721312,"C11",0.434131147540984
"346",2022-06-21,0.33147997974783,562.239803278689,22.7180327868852,0.421367846721312,"C12",0.614147540983607
"347",2022-06-21,0.33147997974783,562.239803278689,22.7180327868852,0.421367846721312,"C13",0.459163934426229
"348",2022-06-21,0.33147997974783,562.239803278689,22.7180327868852,0.421367846721312,"C14",0.482426229508197
"349",2022-06-21,0.33147997974783,562.239803278689,22.7180327868852,0.421367846721312,"C15",0.335409836065574
"350",2022-06-21,0.33147997974783,562.239803278689,22.7180327868852,0.421367846721312,"C16",0.530213114754098
"351",2022-06-21,0.33147997974783,562.239803278689,22.7180327868852,0.421367846721312,"C17",0.403934426229508
"352",2022-06-21,0.33147997974783,562.239803278689,22.7180327868852,0.421367846721312,"C18",0.394426229508197
"353",2022-06-21,0.33147997974783,562.239803278689,22.7180327868852,0.421367846721312,"C2",0.598081967213115
"354",2022-06-21,0.33147997974783,562.239803278689,22.7180327868852,0.421367846721312,"C3",0.338114754098361
"355",2022-06-21,0.33147997974783,562.239803278689,22.7180327868852,0.421367846721312,"C4",0.369016393442623
"356",2022-06-21,0.33147997974783,562.239803278689,22.7180327868852,0.421367846721312,"C5",0.406868852459016
"357",2022-06-21,0.33147997974783,562.239803278689,22.7180327868852,0.421367846721312,"C6",0.568295081967213
"358",2022-06-21,0.33147997974783,562.239803278689,22.7180327868852,0.421367846721312,"C7",0.627147540983607
"359",2022-06-21,0.33147997974783,562.239803278689,22.7180327868852,0.421367846721312,"C9",0.467950819672131
"360",2022-06-22,0.325114306053651,506.803409836066,23.4895081967213,1.02952297840984,"C1",0.545901639344262
"361",2022-06-22,0.325114306053651,506.803409836066,23.4895081967213,1.02952297840984,"C10",0.738311475409836
"362",2022-06-22,0.325114306053651,506.803409836066,23.4895081967213,1.02952297840984,"C11",0.431147540983607
"363",2022-06-22,0.325114306053651,506.803409836066,23.4895081967213,1.02952297840984,"C12",0.609639344262295
"364",2022-06-22,0.325114306053651,506.803409836066,23.4895081967213,1.02952297840984,"C13",0.474606557377049
"365",2022-06-22,0.325114306053651,506.803409836066,23.4895081967213,1.02952297840984,"C14",0.495
"366",2022-06-22,0.325114306053651,506.803409836066,23.4895081967213,1.02952297840984,"C15",0.345049180327869
"367",2022-06-22,0.325114306053651,506.803409836066,23.4895081967213,1.02952297840984,"C16",0.544262295081967
"368",2022-06-22,0.325114306053651,506.803409836066,23.4895081967213,1.02952297840984,"C17",0.420147540983607
"369",2022-06-22,0.325114306053651,506.803409836066,23.4895081967213,1.02952297840984,"C18",0.405524590163934
"370",2022-06-22,0.325114306053651,506.803409836066,23.4895081967213,1.02952297840984,"C2",0.589934426229508
"371",2022-06-22,0.325114306053651,506.803409836066,23.4895081967213,1.02952297840984,"C3",0.359262295081967
"372",2022-06-22,0.325114306053651,506.803409836066,23.4895081967213,1.02952297840984,"C4",0.358803278688525
"373",2022-06-22,0.325114306053651,506.803409836066,23.4895081967213,1.02952297840984,"C5",0.419245901639344
"374",2022-06-22,0.325114306053651,506.803409836066,23.4895081967213,1.02952297840984,"C6",0.585606557377049
"375",2022-06-22,0.325114306053651,506.803409836066,23.4895081967213,1.02952297840984,"C7",0.636081967213115
"376",2022-06-22,0.325114306053651,506.803409836066,23.4895081967213,1.02952297840984,"C9",0.479786885245902
"377",2022-06-23,0.37223572118826,294.294229508197,19.6927868852459,0.919052515901639,"C1",0.483032786885246
"378",2022-06-23,0.37223572118826,294.294229508197,19.6927868852459,0.919052515901639,"C10",0.753508196721312
"379",2022-06-23,0.37223572118826,294.294229508197,19.6927868852459,0.919052515901639,"C11",0.416639344262295
"380",2022-06-23,0.37223572118826,294.294229508197,19.6927868852459,0.919052515901639,"C12",0.62272131147541
"381",2022-06-23,0.37223572118826,294.294229508197,19.6927868852459,0.919052515901639,"C13",0.506245901639344
"382",2022-06-23,0.37223572118826,294.294229508197,19.6927868852459,0.919052515901639,"C14",0.50755737704918
"383",2022-06-23,0.37223572118826,294.294229508197,19.6927868852459,0.919052515901639,"C15",0.370344262295082
"384",2022-06-23,0.37223572118826,294.294229508197,19.6927868852459,0.919052515901639,"C16",0.573147540983607
"385",2022-06-23,0.37223572118826,294.294229508197,19.6927868852459,0.919052515901639,"C17",0.461606557377049
"386",2022-06-23,0.37223572118826,294.294229508197,19.6927868852459,0.919052515901639,"C18",0.411885245901639
"387",2022-06-23,0.37223572118826,294.294229508197,19.6927868852459,0.919052515901639,"C2",0.584360655737705
"388",2022-06-23,0.37223572118826,294.294229508197,19.6927868852459,0.919052515901639,"C3",0.403180327868852
"389",2022-06-23,0.37223572118826,294.294229508197,19.6927868852459,0.919052515901639,"C4",0.378229508196721
"390",2022-06-23,0.37223572118826,294.294229508197,19.6927868852459,0.919052515901639,"C5",0.444295081967213
"391",2022-06-23,0.37223572118826,294.294229508197,19.6927868852459,0.919052515901639,"C6",0.546360655737705
"392",2022-06-23,0.37223572118826,294.294229508197,19.6927868852459,0.919052515901639,"C7",0.642180327868852
"393",2022-06-23,0.37223572118826,294.294229508197,19.6927868852459,0.919052515901639,"C9",0.434311475409836
"394",2022-06-24,0.382532811964871,795.239704918033,22.9973770491803,0.868087156229508,"C1",0.460868852459016
"395",2022-06-24,0.382532811964871,795.239704918033,22.9973770491803,0.868087156229508,"C10",0.737639344262295
"396",2022-06-24,0.382532811964871,795.239704918033,22.9973770491803,0.868087156229508,"C11",0.412606557377049
"397",2022-06-24,0.382532811964871,795.239704918033,22.9973770491803,0.868087156229508,"C12",0.613967213114754
"398",2022-06-24,0.382532811964871,795.239704918033,22.9973770491803,0.868087156229508,"C13",0.474213114754098
"399",2022-06-24,0.382532811964871,795.239704918033,22.9973770491803,0.868087156229508,"C14",0.472081967213115
"400",2022-06-24,0.382532811964871,795.239704918033,22.9973770491803,0.868087156229508,"C15",0.336524590163934
"401",2022-06-24,0.382532811964871,795.239704918033,22.9973770491803,0.868087156229508,"C16",0.542032786885246
"402",2022-06-24,0.382532811964871,795.239704918033,22.9973770491803,0.868087156229508,"C17",0.402868852459016
"403",2022-06-24,0.382532811964871,795.239704918033,22.9973770491803,0.868087156229508,"C18",0.373639344262295
"404",2022-06-24,0.382532811964871,795.239704918033,22.9973770491803,0.868087156229508,"C2",0.55527868852459
"405",2022-06-24,0.382532811964871,795.239704918033,22.9973770491803,0.868087156229508,"C3",0.333049180327869
"406",2022-06-24,0.382532811964871,795.239704918033,22.9973770491803,0.868087156229508,"C4",0.338131147540984
"407",2022-06-24,0.382532811964871,795.239704918033,22.9973770491803,0.868087156229508,"C5",0.403983606557377
"408",2022-06-24,0.382532811964871,795.239704918033,22.9973770491803,0.868087156229508,"C6",0.50072131147541
"409",2022-06-24,0.382532811964871,795.239704918033,22.9973770491803,0.868087156229508,"C7",0.623639344262295
"410",2022-06-24,0.382532811964871,795.239704918033,22.9973770491803,0.868087156229508,"C9",0.434360655737705
"411",2022-06-25,0.352640656034716,893.657754098361,25.8852459016393,1.04806083271475,"C1",0.47272131147541
"412",2022-06-25,0.352640656034716,893.657754098361,25.8852459016393,1.04806083271475,"C10",0.719016393442623
"413",2022-06-25,0.352640656034716,893.657754098361,25.8852459016393,1.04806083271475,"C11",0.412180327868852
"414",2022-06-25,0.352640656034716,893.657754098361,25.8852459016393,1.04806083271475,"C12",0.604934426229508
"415",2022-06-25,0.352640656034716,893.657754098361,25.8852459016393,1.04806083271475,"C13",0.460786885245902
"416",2022-06-25,0.352640656034716,893.657754098361,25.8852459016393,1.04806083271475,"C14",0.467393442622951
"417",2022-06-25,0.352640656034716,893.657754098361,25.8852459016393,1.04806083271475,"C15",0.330868852459016
"418",2022-06-25,0.352640656034716,893.657754098361,25.8852459016393,1.04806083271475,"C16",0.539590163934426
"419",2022-06-25,0.352640656034716,893.657754098361,25.8852459016393,1.04806083271475,"C17",0.390098360655738
"420",2022-06-25,0.352640656034716,893.657754098361,25.8852459016393,1.04806083271475,"C18",0.376967213114754
"421",2022-06-25,0.352640656034716,893.657754098361,25.8852459016393,1.04806083271475,"C2",0.546901639344262
"422",2022-06-25,0.352640656034716,893.657754098361,25.8852459016393,1.04806083271475,"C3",0.322016393442623
"423",2022-06-25,0.352640656034716,893.657754098361,25.8852459016393,1.04806083271475,"C4",0.358213114754098
"424",2022-06-25,0.352640656034716,893.657754098361,25.8852459016393,1.04806083271475,"C5",0.408737704918033
"425",2022-06-25,0.352640656034716,893.657754098361,25.8852459016393,1.04806083271475,"C6",0.495704918032787
"426",2022-06-25,0.352640656034716,893.657754098361,25.8852459016393,1.04806083271475,"C7",0.609491803278689
"427",2022-06-25,0.352640656034716,893.657754098361,25.8852459016393,1.04806083271475,"C9",0.413819672131148
"428",2022-06-26,0.344606213423057,859.341950819672,26.4573770491803,1.34322645737705,"C1",0.484918032786885
"429",2022-06-26,0.344606213423057,859.341950819672,26.4573770491803,1.34322645737705,"C10",0.712459016393443
"430",2022-06-26,0.344606213423057,859.341950819672,26.4573770491803,1.34322645737705,"C11",0.419672131147541
"431",2022-06-26,0.344606213423057,859.341950819672,26.4573770491803,1.34322645737705,"C12",0.598672131147541
"432",2022-06-26,0.344606213423057,859.341950819672,26.4573770491803,1.34322645737705,"C13",0.457311475409836
"433",2022-06-26,0.344606213423057,859.341950819672,26.4573770491803,1.34322645737705,"C14",0.463360655737705
"434",2022-06-26,0.344606213423057,859.341950819672,26.4573770491803,1.34322645737705,"C15",0.324786885245902
"435",2022-06-26,0.344606213423057,859.341950819672,26.4573770491803,1.34322645737705,"C16",0.541819672131148
"436",2022-06-26,0.344606213423057,859.341950819672,26.4573770491803,1.34322645737705,"C17",0.384754098360656
"437",2022-06-26,0.344606213423057,859.341950819672,26.4573770491803,1.34322645737705,"C18",0.378393442622951
"438",2022-06-26,0.344606213423057,859.341950819672,26.4573770491803,1.34322645737705,"C2",0.543688524590164
"439",2022-06-26,0.344606213423057,859.341950819672,26.4573770491803,1.34322645737705,"C3",0.317852459016393
"440",2022-06-26,0.344606213423057,859.341950819672,26.4573770491803,1.34322645737705,"C4",0.368049180327869
"441",2022-06-26,0.344606213423057,859.341950819672,26.4573770491803,1.34322645737705,"C5",0.407491803278689
"442",2022-06-26,0.344606213423057,859.341950819672,26.4573770491803,1.34322645737705,"C6",0.495475409836066
"443",2022-06-26,0.344606213423057,859.341950819672,26.4573770491803,1.34322645737705,"C7",0.605344262295082
"444",2022-06-26,0.344606213423057,859.341950819672,26.4573770491803,1.34322645737705,"C9",0.40072131147541
"445",2022-06-27,0.341449599665913,465.306901639344,24.3967213114754,0.662158643606557,"C1",0.507311475409836
"446",2022-06-27,0.341449599665913,465.306901639344,24.3967213114754,0.662158643606557,"C10",0.756426229508197
"447",2022-06-27,0.341449599665913,465.306901639344,24.3967213114754,0.662158643606557,"C11",0.432508196721311
"448",2022-06-27,0.341449599665913,465.306901639344,24.3967213114754,0.662158643606557,"C12",0.628213114754098
"449",2022-06-27,0.341449599665913,465.306901639344,24.3967213114754,0.662158643606557,"C13",0.447983606557377
"450",2022-06-27,0.341449599665913,465.306901639344,24.3967213114754,0.662158643606557,"C14",0.493508196721311
"451",2022-06-27,0.341449599665913,465.306901639344,24.3967213114754,0.662158643606557,"C15",0.352311475409836
"452",2022-06-27,0.341449599665913,465.306901639344,24.3967213114754,0.662158643606557,"C16",0.566885245901639
"453",2022-06-27,0.341449599665913,465.306901639344,24.3967213114754,0.662158643606557,"C17",0.425147540983607
"454",2022-06-27,0.341449599665913,465.306901639344,24.3967213114754,0.662158643606557,"C18",0.398426229508197
"455",2022-06-27,0.341449599665913,465.306901639344,24.3967213114754,0.662158643606557,"C2",0.559540983606557
"456",2022-06-27,0.341449599665913,465.306901639344,24.3967213114754,0.662158643606557,"C3",0.344196721311475
"457",2022-06-27,0.341449599665913,465.306901639344,24.3967213114754,0.662158643606557,"C4",0.34083606557377
"458",2022-06-27,0.341449599665913,465.306901639344,24.3967213114754,0.662158643606557,"C5",0.409131147540984
"459",2022-06-27,0.341449599665913,465.306901639344,24.3967213114754,0.662158643606557,"C6",0.513229508196721
"460",2022-06-27,0.341449599665913,465.306901639344,24.3967213114754,0.662158643606557,"C7",0.642606557377049
"461",2022-06-27,0.341449599665913,465.306901639344,24.3967213114754,0.662158643606557,"C9",0.430016393442623
"462",2022-06-28,0.352859638795827,902.431409836066,22.597868852459,1.3400579647541,"C1",0.509786885245902
"463",2022-06-28,0.352859638795827,902.431409836066,22.597868852459,1.3400579647541,"C10",0.71655737704918
"464",2022-06-28,0.352859638795827,902.431409836066,22.597868852459,1.3400579647541,"C11",0.42327868852459
"465",2022-06-28,0.352859638795827,902.431409836066,22.597868852459,1.3400579647541,"C12",0.603426229508197
"466",2022-06-28,0.352859638795827,902.431409836066,22.597868852459,1.3400579647541,"C13",0.455868852459016
"467",2022-06-28,0.352859638795827,902.431409836066,22.597868852459,1.3400579647541,"C14",0.460606557377049
"468",2022-06-28,0.352859638795827,902.431409836066,22.597868852459,1.3400579647541,"C15",0.323049180327869
"469",2022-06-28,0.352859638795827,902.431409836066,22.597868852459,1.3400579647541,"C16",0.561147540983607
"470",2022-06-28,0.352859638795827,902.431409836066,22.597868852459,1.3400579647541,"C17",0.388786885245902
"471",2022-06-28,0.352859638795827,902.431409836066,22.597868852459,1.3400579647541,"C18",0.382868852459016
"472",2022-06-28,0.352859638795827,902.431409836066,22.597868852459,1.3400579647541,"C2",0.523147540983607
"473",2022-06-28,0.352859638795827,902.431409836066,22.597868852459,1.3400579647541,"C3",0.313229508196721
"474",2022-06-28,0.352859638795827,902.431409836066,22.597868852459,1.3400579647541,"C4",0.397344262295082
"475",2022-06-28,0.352859638795827,902.431409836066,22.597868852459,1.3400579647541,"C5",0.380098360655738
"476",2022-06-28,0.352859638795827,902.431409836066,22.597868852459,1.3400579647541,"C6",0.499344262295082
"477",2022-06-28,0.352859638795827,902.431409836066,22.597868852459,1.3400579647541,"C7",0.604590163934426
"478",2022-06-28,0.352859638795827,902.431409836066,22.597868852459,1.3400579647541,"C9",0.394524590163934
"479",2022-06-29,0.353596757939672,861.161557377049,24.9301639344262,1.11466873442623,"C1",0.511262295081967
"480",2022-06-29,0.353596757939672,861.161557377049,24.9301639344262,1.11466873442623,"C10",0.717540983606557
"481",2022-06-29,0.353596757939672,861.161557377049,24.9301639344262,1.11466873442623,"C11",0.425262295081967
"482",2022-06-29,0.353596757939672,861.161557377049,24.9301639344262,1.11466873442623,"C12",0.60183606557377
"483",2022-06-29,0.353596757939672,861.161557377049,24.9301639344262,1.11466873442623,"C13",0.44227868852459
"484",2022-06-29,0.353596757939672,861.161557377049,24.9301639344262,1.11466873442623,"C14",0.468590163934426
"485",2022-06-29,0.353596757939672,861.161557377049,24.9301639344262,1.11466873442623,"C15",0.328147540983607
"486",2022-06-29,0.353596757939672,861.161557377049,24.9301639344262,1.11466873442623,"C16",0.571229508196721
"487",2022-06-29,0.353596757939672,861.161557377049,24.9301639344262,1.11466873442623,"C17",0.392590163934426
"488",2022-06-29,0.353596757939672,861.161557377049,24.9301639344262,1.11466873442623,"C18",0.382983606557377
"489",2022-06-29,0.353596757939672,861.161557377049,24.9301639344262,1.11466873442623,"C2",0.503213114754098
"490",2022-06-29,0.353596757939672,861.161557377049,24.9301639344262,1.11466873442623,"C3",0.318524590163934
"491",2022-06-29,0.353596757939672,861.161557377049,24.9301639344262,1.11466873442623,"C4",0.394409836065574
"492",2022-06-29,0.353596757939672,861.161557377049,24.9301639344262,1.11466873442623,"C5",0.399377049180328
"493",2022-06-29,0.353596757939672,861.161557377049,24.9301639344262,1.11466873442623,"C6",0.514606557377049
"494",2022-06-29,0.353596757939672,861.161557377049,24.9301639344262,1.11466873442623,"C7",0.607590163934426
"495",2022-06-29,0.353596757939672,861.161557377049,24.9301639344262,1.11466873442623,"C9",0.397639344262295
"496",2022-06-30,0.33562266138122,907.502754098361,27.3101639344262,0.800263636557377,"C1",0.511655737704918
"497",2022-06-30,0.33562266138122,907.502754098361,27.3101639344262,0.800263636557377,"C10",0.714508196721311
"498",2022-06-30,0.33562266138122,907.502754098361,27.3101639344262,0.800263636557377,"C11",0.426508196721311
"499",2022-06-30,0.33562266138122,907.502754098361,27.3101639344262,0.800263636557377,"C12",0.600049180327869
"500",2022-06-30,0.33562266138122,907.502754098361,27.3101639344262,0.800263636557377,"C13",0.470583333333333
"501",2022-06-30,0.33562266138122,907.502754098361,27.3101639344262,0.800263636557377,"C14",0.471233333333333
"502",2022-06-30,0.33562266138122,907.502754098361,27.3101639344262,0.800263636557377,"C15",0.330716666666667
"503",2022-06-30,0.33562266138122,907.502754098361,27.3101639344262,0.800263636557377,"C16",0.57572131147541
"504",2022-06-30,0.33562266138122,907.502754098361,27.3101639344262,0.800263636557377,"C17",0.393295081967213
"505",2022-06-30,0.33562266138122,907.502754098361,27.3101639344262,0.800263636557377,"C18",0.383803278688525
"506",2022-06-30,0.33562266138122,907.502754098361,27.3101639344262,0.800263636557377,"C2",0.578885245901639
"507",2022-06-30,0.33562266138122,907.502754098361,27.3101639344262,0.800263636557377,"C3",0.318616666666667
"508",2022-06-30,0.33562266138122,907.502754098361,27.3101639344262,0.800263636557377,"C4",0.393393442622951
"509",2022-06-30,0.33562266138122,907.502754098361,27.3101639344262,0.800263636557377,"C5",0.409950819672131
"510",2022-06-30,0.33562266138122,907.502754098361,27.3101639344262,0.800263636557377,"C6",0.519266666666667
"511",2022-06-30,0.33562266138122,907.502754098361,27.3101639344262,0.800263636557377,"C7",0.606868852459016
"512",2022-06-30,0.33562266138122,907.502754098361,27.3101639344262,0.800263636557377,"C9",0.401433333333333
