"","day","Sensor_ID","research_name","value"
"1",2022-06-01,"C1","sapflow_2.5cm",0.522934426229508
"2",2022-06-01,"C10","sapflow_2.5cm",0.682459016393443
"3",2022-06-01,"C11","sapflow_2.5cm",0.403426229508197
"4",2022-06-01,"C12","sapflow_2.5cm",0.00291176470588235
"5",2022-06-01,"C13","sapflow_2.5cm",0.453196721311475
"6",2022-06-01,"C14","sapflow_2.5cm",0.467180327868852
"7",2022-06-01,"C15","sapflow_2.5cm",0.322360655737705
"8",2022-06-01,"C16","sapflow_2.5cm",4.82450819672131
"9",2022-06-01,"C17","sapflow_2.5cm",0.0010625
"10",2022-06-01,"C18","sapflow_2.5cm",0.35816393442623
"11",2022-06-01,"C2","sapflow_2.5cm",0.611344262295082
"12",2022-06-01,"C3","sapflow_2.5cm",0.31544262295082
"13",2022-06-01,"C4","sapflow_2.5cm",0.371180327868852
"14",2022-06-01,"C5","sapflow_2.5cm",0.00659016393442623
"15",2022-06-01,"C6","sapflow_2.5cm",0.574360655737705
"16",2022-06-01,"C7","sapflow_2.5cm",0.594672131147541
"17",2022-06-01,"C8","sapflow_2.5cm",0.846606557377049
"18",2022-06-01,"C9","sapflow_2.5cm",0.38283606557377
"19",2022-06-01,"T019","soil_vwc_15cm",NA
"20",2022-06-01,"T034","soil_vwc_15cm",0.318909335868852
"21",2022-06-01,"T035","soil_vwc_15cm",0.319128022442623
"22",2022-06-01,"T037","soil_vwc_15cm",0.406960346622951
"23",2022-06-01,"T039","soil_vwc_15cm",NA
"24",2022-06-01,"T055","soil_vwc_15cm",0.35968373052459
"25",2022-06-01,"T056","soil_vwc_15cm",0.332907565836066
"26",2022-06-01,"T057","soil_vwc_15cm",0.362757106737705
"27",2022-06-01,"T058","soil_vwc_15cm",0.331839123901639
"28",2022-06-01,"T060","soil_vwc_15cm",0.393573917622951
"29",2022-06-01,"T062","soil_vwc_15cm",0.370111054836066
"30",2022-06-01,"T074","soil_vwc_15cm",NA
"31",2022-06-01,"T103","soil_vwc_15cm",0.303474667688525
"32",2022-06-01,"T110","soil_vwc_15cm",0.373387474442623
"33",2022-06-01,"T112","soil_vwc_15cm",0.296719611754098
"34",2022-06-01,"T113","soil_vwc_15cm",0.349231478868852
"35",2022-06-01,"T114","soil_vwc_15cm",0.343091721360656
"36",2022-06-01,"T115","soil_vwc_15cm",0.29343670595082
"37",2022-06-01,"T116","soil_vwc_15cm",0.300589709131148
"38",2022-06-01,"T129","soil_vwc_15cm",0.401955292
"39",2022-06-01,"T132","soil_vwc_15cm",0.404623916819672
"40",2022-06-01,"T135","soil_vwc_15cm",0.301410785327869
"41",2022-06-01,"T160","soil_vwc_15cm",0.843218059098361
"42",2022-06-01,"T162","soil_vwc_15cm",0.425775149967213
"43",2022-06-01,"T166","soil_vwc_15cm",0.301918362016393
"44",2022-06-01,"T175","soil_vwc_15cm",0.357171092377049
"45",2022-06-01,"T179","soil_vwc_15cm",0.333728896393443
"46",2022-06-01,"T180","soil_vwc_15cm",0.327219489262295
"47",2022-06-01,"T181","soil_vwc_15cm",0.364654064918033
"48",2022-06-01,"T182","soil_vwc_15cm",0.331525560803279
"49",2022-06-01,"T184","soil_vwc_15cm",0.396358340131148
"50",2022-06-01,"T185","soil_vwc_15cm",0.307106810672131
"51",2022-06-01,"T186","soil_vwc_15cm",0.340142981868852
"52",2022-06-01,"T187","soil_vwc_15cm",0.35256964452459
"53",2022-06-01,"T189","soil_vwc_15cm",0.382708329901639
"54",2022-06-01,"T190","soil_vwc_15cm",0.321923700409836
"55",2022-06-01,NA,"wx_par_den15",815.278163934426
"56",2022-06-01,NA,"wx_tempavg15",29.6977049180328
"57",2022-06-01,NA,"wx_windspeed15",0.76359304895082
"58",2022-06-02,"C1","sapflow_2.5cm",0.523508196721311
"59",2022-06-02,"C10","sapflow_2.5cm",0.731934426229508
"60",2022-06-02,"C11","sapflow_2.5cm",0.426819672131148
"61",2022-06-02,"C12","sapflow_2.5cm",0.00207142857142857
"62",2022-06-02,"C13","sapflow_2.5cm",0.46972131147541
"63",2022-06-02,"C14","sapflow_2.5cm",0.504737704918033
"64",2022-06-02,"C15","sapflow_2.5cm",0.362
"65",2022-06-02,"C16","sapflow_2.5cm",5.32788524590164
"66",2022-06-02,"C17","sapflow_2.5cm",0.00118421052631579
"67",2022-06-02,"C18","sapflow_2.5cm",0.390016393442623
"68",2022-06-02,"C2","sapflow_2.5cm",0.646081967213115
"69",2022-06-02,"C3","sapflow_2.5cm",0.387852459016393
"70",2022-06-02,"C4","sapflow_2.5cm",0.377245901639344
"71",2022-06-02,"C5","sapflow_2.5cm",0.00716
"72",2022-06-02,"C6","sapflow_2.5cm",0.627967213114754
"73",2022-06-02,"C7","sapflow_2.5cm",0.628918032786885
"74",2022-06-02,"C8","sapflow_2.5cm",0.837622950819672
"75",2022-06-02,"C9","sapflow_2.5cm",0.402967213114754
"76",2022-06-02,"T019","soil_vwc_15cm",NA
"77",2022-06-02,"T034","soil_vwc_15cm",0.313805271360656
"78",2022-06-02,"T035","soil_vwc_15cm",0.316873814721311
"79",2022-06-02,"T037","soil_vwc_15cm",0.406759719655738
"80",2022-06-02,"T039","soil_vwc_15cm",NA
"81",2022-06-02,"T055","soil_vwc_15cm",NA
"82",2022-06-02,"T056","soil_vwc_15cm",0.337747286032787
"83",2022-06-02,"T057","soil_vwc_15cm",0.360891625688525
"84",2022-06-02,"T058","soil_vwc_15cm",NA
"85",2022-06-02,"T060","soil_vwc_15cm",NA
"86",2022-06-02,"T062","soil_vwc_15cm",0.370238998245902
"87",2022-06-02,"T074","soil_vwc_15cm",0.378819091885246
"88",2022-06-02,"T103","soil_vwc_15cm",0.300401736606557
"89",2022-06-02,"T110","soil_vwc_15cm",0.377829310983607
"90",2022-06-02,"T112","soil_vwc_15cm",0.291423695721311
"91",2022-06-02,"T113","soil_vwc_15cm",0.351081825459016
"92",2022-06-02,"T114","soil_vwc_15cm",0.354618519606557
"93",2022-06-02,"T115","soil_vwc_15cm",0.301024538672131
"94",2022-06-02,"T116","soil_vwc_15cm",0.299554270491803
"95",2022-06-02,"T129","soil_vwc_15cm",NA
"96",2022-06-02,"T132","soil_vwc_15cm",0.407830959557377
"97",2022-06-02,"T135","soil_vwc_15cm",0.315708143426229
"98",2022-06-02,"T160","soil_vwc_15cm",0.84292242842623
"99",2022-06-02,"T162","soil_vwc_15cm",0.43078160357377
"100",2022-06-02,"T166","soil_vwc_15cm",0.305840857688525
"101",2022-06-02,"T175","soil_vwc_15cm",0.36602379704918
"102",2022-06-02,"T179","soil_vwc_15cm",0.339336658590164
"103",2022-06-02,"T180","soil_vwc_15cm",0.340728520098361
"104",2022-06-02,"T181","soil_vwc_15cm",0.366708281573771
"105",2022-06-02,"T182","soil_vwc_15cm",0.336971358852459
"106",2022-06-02,"T184","soil_vwc_15cm",0.400124912721311
"107",2022-06-02,"T185","soil_vwc_15cm",0.30979591152459
"108",2022-06-02,"T186","soil_vwc_15cm",0.346798137655738
"109",2022-06-02,"T187","soil_vwc_15cm",0.359221048491803
"110",2022-06-02,"T189","soil_vwc_15cm",0.386633305590164
"111",2022-06-02,"T190","soil_vwc_15cm",0.324676772967213
"112",2022-06-02,NA,"wx_par_den15",588.536721311475
"113",2022-06-02,NA,"wx_tempavg15",22.9396721311475
"114",2022-06-02,NA,"wx_windspeed15",1.06886751442623
"115",2022-06-03,"C1","sapflow_2.5cm",0.502573770491803
"116",2022-06-03,"C10","sapflow_2.5cm",0.707533333333333
"117",2022-06-03,"C11","sapflow_2.5cm",0.413766666666667
"118",2022-06-03,"C12","sapflow_2.5cm",0.00358536585365854
"119",2022-06-03,"C13","sapflow_2.5cm",0.455672131147541
"120",2022-06-03,"C14","sapflow_2.5cm",0.473409836065574
"121",2022-06-03,"C15","sapflow_2.5cm",0.327491803278689
"122",2022-06-03,"C16","sapflow_2.5cm",1.4624
"123",2022-06-03,"C17","sapflow_2.5cm",0.00173684210526316
"124",2022-06-03,"C18","sapflow_2.5cm",0.37875
"125",2022-06-03,"C2","sapflow_2.5cm",0.619983606557377
"126",2022-06-03,"C3","sapflow_2.5cm",0.345081967213115
"127",2022-06-03,"C4","sapflow_2.5cm",0.359475409836066
"128",2022-06-03,"C5","sapflow_2.5cm",0.00595238095238095
"129",2022-06-03,"C6","sapflow_2.5cm",0.574475409836066
"130",2022-06-03,"C7","sapflow_2.5cm",0.5885
"131",2022-06-03,"C8","sapflow_2.5cm",0.621166666666667
"132",2022-06-03,"C9","sapflow_2.5cm",0.372229508196721
"133",2022-06-03,"T019","soil_vwc_15cm",NA
"134",2022-06-03,"T034","soil_vwc_15cm",0.314634932229508
"135",2022-06-03,"T035","soil_vwc_15cm",0.332626942442623
"136",2022-06-03,"T037","soil_vwc_15cm",0.41584179404918
"137",2022-06-03,"T039","soil_vwc_15cm",0.378129647327869
"138",2022-06-03,"T055","soil_vwc_15cm",NA
"139",2022-06-03,"T056","soil_vwc_15cm",NA
"140",2022-06-03,"T057","soil_vwc_15cm",0.369356748311475
"141",2022-06-03,"T058","soil_vwc_15cm",NA
"142",2022-06-03,"T060","soil_vwc_15cm",NA
"143",2022-06-03,"T062","soil_vwc_15cm",0.379100605540984
"144",2022-06-03,"T074","soil_vwc_15cm",0.393387598442623
"145",2022-06-03,"T103","soil_vwc_15cm",0.31134961
"146",2022-06-03,"T110","soil_vwc_15cm",0.388702465934426
"147",2022-06-03,"T112","soil_vwc_15cm",0.300295604622951
"148",2022-06-03,"T113","soil_vwc_15cm",0.357232647655738
"149",2022-06-03,"T114","soil_vwc_15cm",0.381236599147541
"150",2022-06-03,"T115","soil_vwc_15cm",0.319694292852459
"151",2022-06-03,"T116","soil_vwc_15cm",0.306737224639344
"152",2022-06-03,"T129","soil_vwc_15cm",NA
"153",2022-06-03,"T132","soil_vwc_15cm",NA
"154",2022-06-03,"T135","soil_vwc_15cm",NA
"155",2022-06-03,"T160","soil_vwc_15cm",NA
"156",2022-06-03,"T162","soil_vwc_15cm",NA
"157",2022-06-03,"T166","soil_vwc_15cm",0.312109894
"158",2022-06-03,"T175","soil_vwc_15cm",0.370649218393443
"159",2022-06-03,"T179","soil_vwc_15cm",NA
"160",2022-06-03,"T180","soil_vwc_15cm",0.345294103098361
"161",2022-06-03,"T181","soil_vwc_15cm",0.377394672213115
"162",2022-06-03,"T182","soil_vwc_15cm",0.345302624180328
"163",2022-06-03,"T184","soil_vwc_15cm",0.407802471163934
"164",2022-06-03,"T185","soil_vwc_15cm",0.32661493757377
"165",2022-06-03,"T186","soil_vwc_15cm",0.352408061918033
"166",2022-06-03,"T187","soil_vwc_15cm",NA
"167",2022-06-03,"T189","soil_vwc_15cm",0.391961843377049
"168",2022-06-03,"T190","soil_vwc_15cm",0.327787095065574
"169",2022-06-03,NA,"wx_par_den15",723.785737704918
"170",2022-06-03,NA,"wx_tempavg15",22.5203278688525
"171",2022-06-03,NA,"wx_windspeed15",1.61357083934426
"172",2022-06-04,"C1","sapflow_2.5cm",0.526098360655738
"173",2022-06-04,"C10","sapflow_2.5cm",0.698213114754098
"174",2022-06-04,"C11","sapflow_2.5cm",0.406540983606557
"175",2022-06-04,"C12","sapflow_2.5cm",0.00342857142857143
"176",2022-06-04,"C13","sapflow_2.5cm",0.449409836065574
"177",2022-06-04,"C14","sapflow_2.5cm",0.473524590163934
"178",2022-06-04,"C15","sapflow_2.5cm",0.327213114754098
"179",2022-06-04,"C16","sapflow_2.5cm",0.464213114754098
"180",2022-06-04,"C17","sapflow_2.5cm",0.00366666666666667
"181",2022-06-04,"C18","sapflow_2.5cm",0.365229508196721
"182",2022-06-04,"C2","sapflow_2.5cm",0.616081967213115
"183",2022-06-04,"C3","sapflow_2.5cm",0.328983606557377
"184",2022-06-04,"C4","sapflow_2.5cm",0.364459016393443
"185",2022-06-04,"C5","sapflow_2.5cm",0
"186",2022-06-04,"C6","sapflow_2.5cm",0.566459016393443
"187",2022-06-04,"C7","sapflow_2.5cm",0.600950819672131
"188",2022-06-04,"C9","sapflow_2.5cm",0.381114754098361
"189",2022-06-04,"T019","soil_vwc_15cm",NA
"190",2022-06-04,"T034","soil_vwc_15cm",0.311809621245902
"191",2022-06-04,"T035","soil_vwc_15cm",NA
"192",2022-06-04,"T037","soil_vwc_15cm",NA
"193",2022-06-04,"T039","soil_vwc_15cm",0.369081848032787
"194",2022-06-04,"T055","soil_vwc_15cm",0.340233597852459
"195",2022-06-04,"T056","soil_vwc_15cm",NA
"196",2022-06-04,"T057","soil_vwc_15cm",0.365355528016393
"197",2022-06-04,"T058","soil_vwc_15cm",0.340493045721311
"198",2022-06-04,"T060","soil_vwc_15cm",0.401381263590164
"199",2022-06-04,"T062","soil_vwc_15cm",0.371107258344262
"200",2022-06-04,"T074","soil_vwc_15cm",0.38564587752459
"201",2022-06-04,"T103","soil_vwc_15cm",0.306578885131148
"202",2022-06-04,"T110","soil_vwc_15cm",0.380960109114754
"203",2022-06-04,"T112","soil_vwc_15cm",0.296452087934426
"204",2022-06-04,"T113","soil_vwc_15cm",0.353022088540984
"205",2022-06-04,"T114","soil_vwc_15cm",0.365441692688525
"206",2022-06-04,"T115","soil_vwc_15cm",0.307900924639344
"207",2022-06-04,"T116","soil_vwc_15cm",0.303526175721311
"208",2022-06-04,"T129","soil_vwc_15cm",0.409211629196721
"209",2022-06-04,"T132","soil_vwc_15cm",0.409324374557377
"210",2022-06-04,"T135","soil_vwc_15cm",0.320344947409836
"211",2022-06-04,"T160","soil_vwc_15cm",0.843489016786885
"212",2022-06-04,"T162","soil_vwc_15cm",0.437312249819672
"213",2022-06-04,"T166","soil_vwc_15cm",0.305884607721311
"214",2022-06-04,"T175","soil_vwc_15cm",0.363551602245902
"215",2022-06-04,"T179","soil_vwc_15cm",0.335468341737705
"216",2022-06-04,"T180","soil_vwc_15cm",0.332001342409836
"217",2022-06-04,"T181","soil_vwc_15cm",0.372794496163934
"218",2022-06-04,"T182","soil_vwc_15cm",0.337655461836066
"219",2022-06-04,"T184","soil_vwc_15cm",0.401123214704918
"220",2022-06-04,"T185","soil_vwc_15cm",0.317219999573771
"221",2022-06-04,"T186","soil_vwc_15cm",0.345262117245902
"222",2022-06-04,"T187","soil_vwc_15cm",0.355484681229508
"223",2022-06-04,"T189","soil_vwc_15cm",0.388603646819672
"224",2022-06-04,"T190","soil_vwc_15cm",0.320354358754098
"225",2022-06-04,NA,"wx_par_den15",849.893606557377
"226",2022-06-04,NA,"wx_tempavg15",23.9770491803279
"227",2022-06-04,NA,"wx_windspeed15",0.856423549216393
"228",2022-06-05,"C1","sapflow_2.5cm",0.51472131147541
"229",2022-06-05,"C10","sapflow_2.5cm",0.702032786885246
"230",2022-06-05,"C11","sapflow_2.5cm",0.406131147540984
"231",2022-06-05,"C12","sapflow_2.5cm",0.0034
"232",2022-06-05,"C13","sapflow_2.5cm",0.453786885245902
"233",2022-06-05,"C14","sapflow_2.5cm",0.468262295081967
"234",2022-06-05,"C15","sapflow_2.5cm",0.321180327868852
"235",2022-06-05,"C16","sapflow_2.5cm",0.462655737704918
"236",2022-06-05,"C17","sapflow_2.5cm",0.001875
"237",2022-06-05,"C18","sapflow_2.5cm",0.364737704918033
"238",2022-06-05,"C2","sapflow_2.5cm",0.615918032786885
"239",2022-06-05,"C3","sapflow_2.5cm",0.341524590163934
"240",2022-06-05,"C4","sapflow_2.5cm",0.381508196721311
"241",2022-06-05,"C5","sapflow_2.5cm",0
"242",2022-06-05,"C6","sapflow_2.5cm",0.561737704918033
"243",2022-06-05,"C7","sapflow_2.5cm",0.603377049180328
"244",2022-06-05,"C9","sapflow_2.5cm",0.378655737704918
"245",2022-06-05,"T019","soil_vwc_15cm",NA
"246",2022-06-05,"T034","soil_vwc_15cm",0.307432201540984
"247",2022-06-05,"T035","soil_vwc_15cm",NA
"248",2022-06-05,"T037","soil_vwc_15cm",NA
"249",2022-06-05,"T039","soil_vwc_15cm",0.365451421983607
"250",2022-06-05,"T055","soil_vwc_15cm",0.333843358688525
"251",2022-06-05,"T056","soil_vwc_15cm",0.323144504377049
"252",2022-06-05,"T057","soil_vwc_15cm",0.36072120404918
"253",2022-06-05,"T058","soil_vwc_15cm",NA
"254",2022-06-05,"T060","soil_vwc_15cm",NA
"255",2022-06-05,"T062","soil_vwc_15cm",NA
"256",2022-06-05,"T074","soil_vwc_15cm",NA
"257",2022-06-05,"T103","soil_vwc_15cm",0.299999910360656
"258",2022-06-05,"T110","soil_vwc_15cm",0.374127155229508
"259",2022-06-05,"T112","soil_vwc_15cm",NA
"260",2022-06-05,"T113","soil_vwc_15cm",0.351218925852459
"261",2022-06-05,"T114","soil_vwc_15cm",NA
"262",2022-06-05,"T115","soil_vwc_15cm",NA
"263",2022-06-05,"T116","soil_vwc_15cm",NA
"264",2022-06-05,"T129","soil_vwc_15cm",0.404238115295082
"265",2022-06-05,"T132","soil_vwc_15cm",0.405717158918033
"266",2022-06-05,"T135","soil_vwc_15cm",0.309027615163934
"267",2022-06-05,"T160","soil_vwc_15cm",NA
"268",2022-06-05,"T162","soil_vwc_15cm",0.428848653360656
"269",2022-06-05,"T166","soil_vwc_15cm",0.302248267786885
"270",2022-06-05,"T175","soil_vwc_15cm",0.359169286098361
"271",2022-06-05,"T179","soil_vwc_15cm",0.33079745342623
"272",2022-06-05,"T180","soil_vwc_15cm",NA
"273",2022-06-05,"T181","soil_vwc_15cm",NA
"274",2022-06-05,"T182","soil_vwc_15cm",0.332324761983607
"275",2022-06-05,"T184","soil_vwc_15cm",0.397961130213115
"276",2022-06-05,"T185","soil_vwc_15cm",0.310527961491803
"277",2022-06-05,"T186","soil_vwc_15cm",0.341036868803279
"278",2022-06-05,"T187","soil_vwc_15cm",0.352726267098361
"279",2022-06-05,"T189","soil_vwc_15cm",0.385412120081967
"280",2022-06-05,"T190","soil_vwc_15cm",0.314087102967213
"281",2022-06-05,NA,"wx_par_den15",920.937245901639
"282",2022-06-05,NA,"wx_tempavg15",21.9231147540984
"283",2022-06-05,NA,"wx_windspeed15",1.46868790065574
"284",2022-06-06,"C1","sapflow_2.5cm",0.505360655737705
"285",2022-06-06,"C10","sapflow_2.5cm",0.703983606557377
"286",2022-06-06,"C11","sapflow_2.5cm",0.406737704918033
"287",2022-06-06,"C12","sapflow_2.5cm",0.00373684210526316
"288",2022-06-06,"C13","sapflow_2.5cm",0.456262295081967
"289",2022-06-06,"C14","sapflow_2.5cm",0.47655737704918
"290",2022-06-06,"C15","sapflow_2.5cm",0.329065573770492
"291",2022-06-06,"C16","sapflow_2.5cm",0.463983606557377
"292",2022-06-06,"C17","sapflow_2.5cm",0.00370588235294118
"293",2022-06-06,"C18","sapflow_2.5cm",0.370688524590164
"294",2022-06-06,"C2","sapflow_2.5cm",0.620229508196721
"295",2022-06-06,"C3","sapflow_2.5cm",0.339508196721311
"296",2022-06-06,"C4","sapflow_2.5cm",0.374180327868852
"297",2022-06-06,"C5","sapflow_2.5cm",6e-04
"298",2022-06-06,"C6","sapflow_2.5cm",0.569590163934426
"299",2022-06-06,"C7","sapflow_2.5cm",0.605803278688525
"300",2022-06-06,"C9","sapflow_2.5cm",0.385540983606557
"301",2022-06-06,"T019","soil_vwc_15cm",NA
"302",2022-06-06,"T034","soil_vwc_15cm",0.302651175065574
"303",2022-06-06,"T035","soil_vwc_15cm",0.318822408114754
"304",2022-06-06,"T037","soil_vwc_15cm",0.39879212647541
"305",2022-06-06,"T039","soil_vwc_15cm",0.362095323901639
"306",2022-06-06,"T055","soil_vwc_15cm",0.329352812081967
"307",2022-06-06,"T056","soil_vwc_15cm",0.314231897770492
"308",2022-06-06,"T057","soil_vwc_15cm",0.356918385065574
"309",2022-06-06,"T058","soil_vwc_15cm",0.328889366967213
"310",2022-06-06,"T060","soil_vwc_15cm",0.391448479983607
"311",2022-06-06,"T062","soil_vwc_15cm",NA
"312",2022-06-06,"T074","soil_vwc_15cm",0.374029417147541
"313",2022-06-06,"T103","soil_vwc_15cm",0.293665185409836
"314",2022-06-06,"T110","soil_vwc_15cm",0.368487979491803
"315",2022-06-06,"T112","soil_vwc_15cm",0.285530922409836
"316",2022-06-06,"T113","soil_vwc_15cm",0.348734521737705
"317",2022-06-06,"T114","soil_vwc_15cm",0.341134225344262
"318",2022-06-06,"T115","soil_vwc_15cm",0.289771686852459
"319",2022-06-06,"T116","soil_vwc_15cm",0.297488989147541
"320",2022-06-06,"T129","soil_vwc_15cm",0.399592917409836
"321",2022-06-06,"T132","soil_vwc_15cm",0.401974877770492
"322",2022-06-06,"T135","soil_vwc_15cm",0.300040353704918
"323",2022-06-06,"T160","soil_vwc_15cm",0.844094840278689
"324",2022-06-06,"T162","soil_vwc_15cm",0.425877530131148
"325",2022-06-06,"T166","soil_vwc_15cm",0.298513490278689
"326",2022-06-06,"T175","soil_vwc_15cm",0.355334354081967
"327",2022-06-06,"T179","soil_vwc_15cm",0.326015218737705
"328",2022-06-06,"T180","soil_vwc_15cm",0.317105537278689
"329",2022-06-06,"T181","soil_vwc_15cm",0.362961103983607
"330",2022-06-06,"T182","soil_vwc_15cm",0.327634987393443
"331",2022-06-06,"T184","soil_vwc_15cm",0.39533593747541
"332",2022-06-06,"T185","soil_vwc_15cm",0.304613122393443
"333",2022-06-06,"T186","soil_vwc_15cm",0.336518469704918
"334",2022-06-06,"T187","soil_vwc_15cm",0.350452727967213
"335",2022-06-06,"T189","soil_vwc_15cm",0.38231947604918
"336",2022-06-06,"T190","soil_vwc_15cm",0.308438515885246
"337",2022-06-06,NA,"wx_par_den15",923.627278688525
"338",2022-06-06,NA,"wx_tempavg15",22.6755737704918
"339",2022-06-06,NA,"wx_windspeed15",1.37045585345902
"340",2022-06-07,"C1","sapflow_2.5cm",0.51555
"341",2022-06-07,"C10","sapflow_2.5cm",0.731737704918033
"342",2022-06-07,"C11","sapflow_2.5cm",0.413081967213115
"343",2022-06-07,"C12","sapflow_2.5cm",0.35602380952381
"344",2022-06-07,"C13","sapflow_2.5cm",0.454147540983607
"345",2022-06-07,"C14","sapflow_2.5cm",0.499081967213115
"346",2022-06-07,"C15","sapflow_2.5cm",0.348213114754098
"347",2022-06-07,"C16","sapflow_2.5cm",0.481114754098361
"348",2022-06-07,"C17","sapflow_2.5cm",2.5357027027027
"349",2022-06-07,"C18","sapflow_2.5cm",0.37427868852459
"350",2022-06-07,"C2","sapflow_2.5cm",0.6324
"351",2022-06-07,"C3","sapflow_2.5cm",0.364491803278689
"352",2022-06-07,"C4","sapflow_2.5cm",0.357283333333333
"353",2022-06-07,"C5","sapflow_2.5cm",0.002
"354",2022-06-07,"C6","sapflow_2.5cm",0.598590163934426
"355",2022-06-07,"C7","sapflow_2.5cm",0.638639344262295
"356",2022-06-07,"C9","sapflow_2.5cm",0.425754098360656
"357",2022-06-07,"T019","soil_vwc_15cm",NA
"358",2022-06-07,"T034","soil_vwc_15cm",0.29802492704918
"359",2022-06-07,"T035","soil_vwc_15cm",0.29676360025
"360",2022-06-07,"T037","soil_vwc_15cm",0.394470475344262
"361",2022-06-07,"T039","soil_vwc_15cm",NA
"362",2022-06-07,"T055","soil_vwc_15cm",0.327004363737705
"363",2022-06-07,"T056","soil_vwc_15cm",0.307921464262295
"364",2022-06-07,"T057","soil_vwc_15cm",NA
"365",2022-06-07,"T058","soil_vwc_15cm",NA
"366",2022-06-07,"T060","soil_vwc_15cm",0.387737358016393
"367",2022-06-07,"T062","soil_vwc_15cm",0.355035543901639
"368",2022-06-07,"T074","soil_vwc_15cm",0.368734391377049
"369",2022-06-07,"T103","soil_vwc_15cm",NA
"370",2022-06-07,"T110","soil_vwc_15cm",0.3459623149
"371",2022-06-07,"T112","soil_vwc_15cm",0.281848733967213
"372",2022-06-07,"T113","soil_vwc_15cm",0.32754682705
"373",2022-06-07,"T114","soil_vwc_15cm",0.333735191819672
"374",2022-06-07,"T115","soil_vwc_15cm",0.280751231327869
"375",2022-06-07,"T116","soil_vwc_15cm",0.294500760163934
"376",2022-06-07,"T129","soil_vwc_15cm",NA
"377",2022-06-07,"T132","soil_vwc_15cm",0.398611403229508
"378",2022-06-07,"T135","soil_vwc_15cm",0.294334408295082
"379",2022-06-07,"T160","soil_vwc_15cm",0.843815234327869
"380",2022-06-07,"T162","soil_vwc_15cm",0.423224802852459
"381",2022-06-07,"T166","soil_vwc_15cm",0.2782506202
"382",2022-06-07,"T175","soil_vwc_15cm",0.3334990879
"383",2022-06-07,"T179","soil_vwc_15cm",0.320842349672131
"384",2022-06-07,"T180","soil_vwc_15cm",0.30849288547541
"385",2022-06-07,"T181","soil_vwc_15cm",0.359246866098361
"386",2022-06-07,"T182","soil_vwc_15cm",0.30622848955
"387",2022-06-07,"T184","soil_vwc_15cm",0.37503393295
"388",2022-06-07,"T185","soil_vwc_15cm",0.299247320770492
"389",2022-06-07,"T186","soil_vwc_15cm",0.31373332015
"390",2022-06-07,"T187","soil_vwc_15cm",0.348361629016393
"391",2022-06-07,"T189","soil_vwc_15cm",0.361572316
"392",2022-06-07,"T190","soil_vwc_15cm",0.28616526715
"393",2022-06-07,NA,"wx_par_den15",491.691983606557
"394",2022-06-07,NA,"wx_tempavg15",23.167868852459
"395",2022-06-07,NA,"wx_windspeed15",1.39618580655738
"396",2022-06-08,"C1","sapflow_2.5cm",0.497065573770492
"397",2022-06-08,"C10","sapflow_2.5cm",0.705491803278689
"398",2022-06-08,"C11","sapflow_2.5cm",0.394639344262295
"399",2022-06-08,"C12","sapflow_2.5cm",0.573786885245902
"400",2022-06-08,"C13","sapflow_2.5cm",0.47072131147541
"401",2022-06-08,"C14","sapflow_2.5cm",0.481475409836066
"402",2022-06-08,"C15","sapflow_2.5cm",0.33383606557377
"403",2022-06-08,"C16","sapflow_2.5cm",0.456163934426229
"404",2022-06-08,"C17","sapflow_2.5cm",3.23385245901639
"405",2022-06-08,"C18","sapflow_2.5cm",0.371344262295082
"406",2022-06-08,"C2","sapflow_2.5cm",0.620032786885246
"407",2022-06-08,"C3","sapflow_2.5cm",0.331868852459016
"408",2022-06-08,"C4","sapflow_2.5cm",0.334327868852459
"409",2022-06-08,"C6","sapflow_2.5cm",0.57927868852459
"410",2022-06-08,"C7","sapflow_2.5cm",0.61116393442623
"411",2022-06-08,"C9","sapflow_2.5cm",0.392508196721311
"412",2022-06-08,"T019","soil_vwc_15cm",0.363218771327869
"413",2022-06-08,"T034","soil_vwc_15cm",0.292998951262295
"414",2022-06-08,"T035","soil_vwc_15cm",0.308916968278689
"415",2022-06-08,"T037","soil_vwc_15cm",0.388764021213115
"416",2022-06-08,"T039","soil_vwc_15cm",0.355595518885246
"417",2022-06-08,"T055","soil_vwc_15cm",NA
"418",2022-06-08,"T056","soil_vwc_15cm",0.303589765885246
"419",2022-06-08,"T057","soil_vwc_15cm",0.348521113147541
"420",2022-06-08,"T058","soil_vwc_15cm",0.317946707967213
"421",2022-06-08,"T060","soil_vwc_15cm",0.383707967278688
"422",2022-06-08,"T062","soil_vwc_15cm",0.350510595016393
"423",2022-06-08,"T074","soil_vwc_15cm",0.364628819622951
"424",2022-06-08,"T103","soil_vwc_15cm",0.282799534098361
"425",2022-06-08,"T110","soil_vwc_15cm",0.359275863213115
"426",2022-06-08,"T112","soil_vwc_15cm",0.277262484163934
"427",2022-06-08,"T113","soil_vwc_15cm",0.34234460052459
"428",2022-06-08,"T114","soil_vwc_15cm",0.327563384868852
"429",2022-06-08,"T115","soil_vwc_15cm",0.273646556672131
"430",2022-06-08,"T116","soil_vwc_15cm",0.291429037295082
"431",2022-06-08,"T129","soil_vwc_15cm",NA
"432",2022-06-08,"T132","soil_vwc_15cm",0.395798873868852
"433",2022-06-08,"T135","soil_vwc_15cm",0.289597259032787
"434",2022-06-08,"T160","soil_vwc_15cm",0.84347051204918
"435",2022-06-08,"T162","soil_vwc_15cm",0.420489535540984
"436",2022-06-08,"T166","soil_vwc_15cm",0.290471305836066
"437",2022-06-08,"T175","soil_vwc_15cm",0.34728288547541
"438",2022-06-08,"T179","soil_vwc_15cm",0.315304663836066
"439",2022-06-08,"T180","soil_vwc_15cm",0.298619813032787
"440",2022-06-08,"T181","soil_vwc_15cm",0.355733382360656
"441",2022-06-08,"T182","soil_vwc_15cm",0.319114350557377
"442",2022-06-08,"T184","soil_vwc_15cm",0.39074288352459
"443",2022-06-08,"T185","soil_vwc_15cm",0.294291930065574
"444",2022-06-08,"T186","soil_vwc_15cm",0.32526568147541
"445",2022-06-08,"T187","soil_vwc_15cm",0.346630068852459
"446",2022-06-08,"T189","soil_vwc_15cm",0.376807798590164
"447",2022-06-08,"T190","soil_vwc_15cm",0.297450962229508
"448",2022-06-08,NA,"wx_par_den15",784.759557377049
"449",2022-06-08,NA,"wx_tempavg15",26.0744262295082
"450",2022-06-08,NA,"wx_windspeed15",1.22752936229508
"451",2022-06-09,"C1","sapflow_2.5cm",0.490819672131148
"452",2022-06-09,"C10","sapflow_2.5cm",0.702098360655738
"453",2022-06-09,"C11","sapflow_2.5cm",0.388409836065574
"454",2022-06-09,"C12","sapflow_2.5cm",0.586901639344262
"455",2022-06-09,"C13","sapflow_2.5cm",0.461491803278689
"456",2022-06-09,"C14","sapflow_2.5cm",0.475950819672131
"457",2022-06-09,"C15","sapflow_2.5cm",0.330491803278689
"458",2022-06-09,"C16","sapflow_2.5cm",0.454377049180328
"459",2022-06-09,"C17","sapflow_2.5cm",3.25206557377049
"460",2022-06-09,"C18","sapflow_2.5cm",0.374459016393443
"461",2022-06-09,"C2","sapflow_2.5cm",0.621311475409836
"462",2022-06-09,"C3","sapflow_2.5cm",0.331688524590164
"463",2022-06-09,"C4","sapflow_2.5cm",0.333590163934426
"464",2022-06-09,"C5","sapflow_2.5cm",0.001
"465",2022-06-09,"C6","sapflow_2.5cm",0.579950819672131
"466",2022-06-09,"C7","sapflow_2.5cm",0.600114754098361
"467",2022-06-09,"C9","sapflow_2.5cm",0.383131147540984
"468",2022-06-09,"T019","soil_vwc_15cm",0.38570374457377
"469",2022-06-09,"T034","soil_vwc_15cm",0.291460387245902
"470",2022-06-09,"T035","soil_vwc_15cm",0.323918269491803
"471",2022-06-09,"T037","soil_vwc_15cm",0.412029436540984
"472",2022-06-09,"T039","soil_vwc_15cm",0.370243958278689
"473",2022-06-09,"T055","soil_vwc_15cm",NA
"474",2022-06-09,"T056","soil_vwc_15cm",NA
"475",2022-06-09,"T057","soil_vwc_15cm",0.358514943311475
"476",2022-06-09,"T058","soil_vwc_15cm",0.329708090327869
"477",2022-06-09,"T060","soil_vwc_15cm",0.397482995770492
"478",2022-06-09,"T062","soil_vwc_15cm",0.357574826327869
"479",2022-06-09,"T074","soil_vwc_15cm",0.387854045967213
"480",2022-06-09,"T103","soil_vwc_15cm",NA
"481",2022-06-09,"T110","soil_vwc_15cm",0.380087397704918
"482",2022-06-09,"T112","soil_vwc_15cm",0.286484520508197
"483",2022-06-09,"T113","soil_vwc_15cm",0.353282299491803
"484",2022-06-09,"T114","soil_vwc_15cm",0.345605059
"485",2022-06-09,"T115","soil_vwc_15cm",0.296720947147541
"486",2022-06-09,"T116","soil_vwc_15cm",0.295396364032787
"487",2022-06-09,"T129","soil_vwc_15cm",NA
"488",2022-06-09,"T132","soil_vwc_15cm",NA
"489",2022-06-09,"T135","soil_vwc_15cm",0.293082572327869
"490",2022-06-09,"T160","soil_vwc_15cm",0.842985700639344
"491",2022-06-09,"T162","soil_vwc_15cm",0.453346891196721
"492",2022-06-09,"T166","soil_vwc_15cm",0.304285378688525
"493",2022-06-09,"T175","soil_vwc_15cm",0.362601819557377
"494",2022-06-09,"T179","soil_vwc_15cm",0.32573325995082
"495",2022-06-09,"T180","soil_vwc_15cm",0.322467968622951
"496",2022-06-09,"T181","soil_vwc_15cm",0.366756991639344
"497",2022-06-09,"T182","soil_vwc_15cm",0.333355304180328
"498",2022-06-09,"T184","soil_vwc_15cm",0.403894092508197
"499",2022-06-09,"T185","soil_vwc_15cm",0.308273690180328
"500",2022-06-09,"T186","soil_vwc_15cm",0.342781592131148
"501",2022-06-09,"T187","soil_vwc_15cm",0.359796412295082
"502",2022-06-09,"T189","soil_vwc_15cm",0.388284996508197
"503",2022-06-09,"T190","soil_vwc_15cm",0.313016498967213
"504",2022-06-09,NA,"wx_par_den15",795.829081967213
"505",2022-06-09,NA,"wx_tempavg15",25.0124590163934
"506",2022-06-09,NA,"wx_windspeed15",2.20377706721311
"507",2022-06-10,"C1","sapflow_2.5cm",0.534227272727273
"508",2022-06-10,"C10","sapflow_2.5cm",0.704262295081967
"509",2022-06-10,"C11","sapflow_2.5cm",0.391852459016393
"510",2022-06-10,"C12","sapflow_2.5cm",0.59885
"511",2022-06-10,"C13","sapflow_2.5cm",0.460245901639344
"512",2022-06-10,"C14","sapflow_2.5cm",0.479754098360656
"513",2022-06-10,"C15","sapflow_2.5cm",0.33183606557377
"514",2022-06-10,"C16","sapflow_2.5cm",0.455508196721311
"515",2022-06-10,"C17","sapflow_2.5cm",1.79719512195122
"516",2022-06-10,"C18","sapflow_2.5cm",0.371016393442623
"517",2022-06-10,"C2","sapflow_2.5cm",0.623454545454545
"518",2022-06-10,"C3","sapflow_2.5cm",0.328360655737705
"519",2022-06-10,"C4","sapflow_2.5cm",0.342295454545455
"520",2022-06-10,"C5","sapflow_2.5cm",0.328724137931034
"521",2022-06-10,"C6","sapflow_2.5cm",0.589393442622951
"522",2022-06-10,"C7","sapflow_2.5cm",0.607327868852459
"523",2022-06-10,"C9","sapflow_2.5cm",0.390918032786885
"524",2022-06-10,"T019","soil_vwc_15cm",0.380578822491803
"525",2022-06-10,"T034","soil_vwc_15cm",0.288456960213115
"526",2022-06-10,"T035","soil_vwc_15cm",0.297703464318182
"527",2022-06-10,"T037","soil_vwc_15cm",0.401631363704918
"528",2022-06-10,"T039","soil_vwc_15cm",0.339819001545455
"529",2022-06-10,"T055","soil_vwc_15cm",0.326346523491803
"530",2022-06-10,"T056","soil_vwc_15cm",0.304020970786885
"531",2022-06-10,"T057","soil_vwc_15cm",0.330242808454545
"532",2022-06-10,"T058","soil_vwc_15cm",0.322246929213115
"533",2022-06-10,"T060","soil_vwc_15cm",0.390561015655738
"534",2022-06-10,"T062","soil_vwc_15cm",0.352796279868852
"535",2022-06-10,"T074","soil_vwc_15cm",0.37850851752459
"536",2022-06-10,"T103","soil_vwc_15cm",0.259261604568182
"537",2022-06-10,"T110","soil_vwc_15cm",0.344259398636364
"538",2022-06-10,"T112","soil_vwc_15cm",0.280177584459016
"539",2022-06-10,"T113","soil_vwc_15cm",0.325302373
"540",2022-06-10,"T114","soil_vwc_15cm",0.328241637557377
"541",2022-06-10,"T115","soil_vwc_15cm",0.282833364065574
"542",2022-06-10,"T116","soil_vwc_15cm",0.293721081163934
"543",2022-06-10,"T129","soil_vwc_15cm",0.392872963245902
"544",2022-06-10,"T132","soil_vwc_15cm",0.404865940983607
"545",2022-06-10,"T135","soil_vwc_15cm",0.287389853672131
"546",2022-06-10,"T160","soil_vwc_15cm",0.843356940016393
"547",2022-06-10,"T162","soil_vwc_15cm",0.430242041032787
"548",2022-06-10,"T166","soil_vwc_15cm",0.274008328340909
"549",2022-06-10,"T175","soil_vwc_15cm",0.329481113909091
"550",2022-06-10,"T179","soil_vwc_15cm",0.318956201819672
"551",2022-06-10,"T180","soil_vwc_15cm",0.31063943504918
"552",2022-06-10,"T181","soil_vwc_15cm",0.362122858442623
"553",2022-06-10,"T182","soil_vwc_15cm",0.300780216590909
"554",2022-06-10,"T184","soil_vwc_15cm",0.372061249545455
"555",2022-06-10,"T185","soil_vwc_15cm",0.300281360426229
"556",2022-06-10,"T186","soil_vwc_15cm",0.310557765045455
"557",2022-06-10,"T187","soil_vwc_15cm",0.354682936442623
"558",2022-06-10,"T189","soil_vwc_15cm",0.359779013159091
"559",2022-06-10,"T190","soil_vwc_15cm",0.277633430159091
"560",2022-06-10,NA,"wx_par_den15",783.119049180328
"561",2022-06-10,NA,"wx_tempavg15",22.7327868852459
"562",2022-06-10,NA,"wx_windspeed15",1.14015582704918
"563",2022-06-11,"C1","sapflow_2.5cm",0.494459016393443
"564",2022-06-11,"C10","sapflow_2.5cm",0.76583606557377
"565",2022-06-11,"C11","sapflow_2.5cm",0.433049180327869
"566",2022-06-11,"C12","sapflow_2.5cm",0.63927868852459
"567",2022-06-11,"C13","sapflow_2.5cm",0.495583333333333
"568",2022-06-11,"C14","sapflow_2.5cm",0.524516666666667
"569",2022-06-11,"C15","sapflow_2.5cm",0.370966666666667
"570",2022-06-11,"C16","sapflow_2.5cm",0.509852459016393
"571",2022-06-11,"C17","sapflow_2.5cm",0.461950819672131
"572",2022-06-11,"C18","sapflow_2.5cm",0.404754098360656
"573",2022-06-11,"C2","sapflow_2.5cm",0.649295081967213
"574",2022-06-11,"C3","sapflow_2.5cm",0.392533333333333
"575",2022-06-11,"C4","sapflow_2.5cm",0.371229508196721
"576",2022-06-11,"C5","sapflow_2.5cm",0.504131147540984
"577",2022-06-11,"C6","sapflow_2.5cm",0.6411
"578",2022-06-11,"C7","sapflow_2.5cm",0.674950819672131
"579",2022-06-11,"C9","sapflow_2.5cm",0.455866666666667
"580",2022-06-11,"T019","soil_vwc_15cm",0.377489612327869
"581",2022-06-11,"T034","soil_vwc_15cm",0.28858162555
"582",2022-06-11,"T035","soil_vwc_15cm",0.318028802868852
"583",2022-06-11,"T037","soil_vwc_15cm",NA
"584",2022-06-11,"T039","soil_vwc_15cm",NA
"585",2022-06-11,"T055","soil_vwc_15cm",NA
"586",2022-06-11,"T056","soil_vwc_15cm",NA
"587",2022-06-11,"T057","soil_vwc_15cm",0.350664165262295
"588",2022-06-11,"T058","soil_vwc_15cm",NA
"589",2022-06-11,"T060","soil_vwc_15cm",0.387210195557377
"590",2022-06-11,"T062","soil_vwc_15cm",0.35038528
"591",2022-06-11,"T074","soil_vwc_15cm",0.37266282955
"592",2022-06-11,"T103","soil_vwc_15cm",0.279390783360656
"593",2022-06-11,"T110","soil_vwc_15cm",0.362133478
"594",2022-06-11,"T112","soil_vwc_15cm",0.27958855195
"595",2022-06-11,"T113","soil_vwc_15cm",NA
"596",2022-06-11,"T114","soil_vwc_15cm",NA
"597",2022-06-11,"T115","soil_vwc_15cm",NA
"598",2022-06-11,"T116","soil_vwc_15cm",0.29205048595
"599",2022-06-11,"T129","soil_vwc_15cm",0.391398307344262
"600",2022-06-11,"T132","soil_vwc_15cm",0.401342219229508
"601",2022-06-11,"T135","soil_vwc_15cm",0.286164852754098
"602",2022-06-11,"T160","soil_vwc_15cm",0.843572065540984
"603",2022-06-11,"T162","soil_vwc_15cm",0.42736515842623
"604",2022-06-11,"T166","soil_vwc_15cm",0.29295119504918
"605",2022-06-11,"T175","soil_vwc_15cm",0.34905170947541
"606",2022-06-11,"T179","soil_vwc_15cm",0.315124067770492
"607",2022-06-11,"T180","soil_vwc_15cm",0.30273506215
"608",2022-06-11,"T181","soil_vwc_15cm",0.35938733995
"609",2022-06-11,"T182","soil_vwc_15cm",0.319428549557377
"610",2022-06-11,"T184","soil_vwc_15cm",0.395070194180328
"611",2022-06-11,"T185","soil_vwc_15cm",0.29610300655
"612",2022-06-11,"T186","soil_vwc_15cm",0.328372633295082
"613",2022-06-11,"T187","soil_vwc_15cm",0.351853046967213
"614",2022-06-11,"T189","soil_vwc_15cm",0.381971510672131
"615",2022-06-11,"T190","soil_vwc_15cm",0.295807474442623
"616",2022-06-11,NA,"wx_par_den15",263.97168852459
"617",2022-06-11,NA,"wx_tempavg15",19.4075409836066
"618",2022-06-11,NA,"wx_windspeed15",0.552894905937705
"619",2022-06-12,"C1","sapflow_2.5cm",0.471032786885246
"620",2022-06-12,"C10","sapflow_2.5cm",0.749262295081967
"621",2022-06-12,"C11","sapflow_2.5cm",0.414114754098361
"622",2022-06-12,"C12","sapflow_2.5cm",0.626032786885246
"623",2022-06-12,"C13","sapflow_2.5cm",0.468377049180328
"624",2022-06-12,"C14","sapflow_2.5cm",0.513885245901639
"625",2022-06-12,"C15","sapflow_2.5cm",0.362131147540984
"626",2022-06-12,"C16","sapflow_2.5cm",0.504770491803279
"627",2022-06-12,"C17","sapflow_2.5cm",0.437737704918033
"628",2022-06-12,"C18","sapflow_2.5cm",0.393524590163934
"629",2022-06-12,"C2","sapflow_2.5cm",0.623786885245902
"630",2022-06-12,"C3","sapflow_2.5cm",0.377081967213115
"631",2022-06-12,"C4","sapflow_2.5cm",0.359803278688525
"632",2022-06-12,"C5","sapflow_2.5cm",0.502459016393443
"633",2022-06-12,"C6","sapflow_2.5cm",0.63116393442623
"634",2022-06-12,"C7","sapflow_2.5cm",0.653114754098361
"635",2022-06-12,"C9","sapflow_2.5cm",0.430852459016393
"636",2022-06-12,"T019","soil_vwc_15cm",0.375914229606557
"637",2022-06-12,"T034","soil_vwc_15cm",0.288806070213115
"638",2022-06-12,"T035","soil_vwc_15cm",NA
"639",2022-06-12,"T037","soil_vwc_15cm",0.394869185672131
"640",2022-06-12,"T039","soil_vwc_15cm",0.359919459262295
"641",2022-06-12,"T055","soil_vwc_15cm",NA
"642",2022-06-12,"T056","soil_vwc_15cm",0.302259078114754
"643",2022-06-12,"T057","soil_vwc_15cm",0.348788954918033
"644",2022-06-12,"T058","soil_vwc_15cm",0.315076565918033
"645",2022-06-12,"T060","soil_vwc_15cm",NA
"646",2022-06-12,"T062","soil_vwc_15cm",0.348664826918033
"647",2022-06-12,"T074","soil_vwc_15cm",0.369366604786885
"648",2022-06-12,"T103","soil_vwc_15cm",0.278136085836066
"649",2022-06-12,"T110","soil_vwc_15cm",0.360290189918033
"650",2022-06-12,"T112","soil_vwc_15cm",0.279979310327869
"651",2022-06-12,"T113","soil_vwc_15cm",0.345910482557377
"652",2022-06-12,"T114","soil_vwc_15cm",0.322674954606557
"653",2022-06-12,"T115","soil_vwc_15cm",0.272932439131148
"654",2022-06-12,"T116","soil_vwc_15cm",0.29052567542623
"655",2022-06-12,"T129","soil_vwc_15cm",NA
"656",2022-06-12,"T132","soil_vwc_15cm",0.399026265459016
"657",2022-06-12,"T135","soil_vwc_15cm",0.287776100327869
"658",2022-06-12,"T160","soil_vwc_15cm",NA
"659",2022-06-12,"T162","soil_vwc_15cm",0.425566383459016
"660",2022-06-12,"T166","soil_vwc_15cm",0.292133679901639
"661",2022-06-12,"T175","soil_vwc_15cm",0.348531160393443
"662",2022-06-12,"T179","soil_vwc_15cm",0.315095070655738
"663",2022-06-12,"T180","soil_vwc_15cm",0.296968312885246
"664",2022-06-12,"T181","soil_vwc_15cm",0.357656348918033
"665",2022-06-12,"T182","soil_vwc_15cm",0.318103394131148
"666",2022-06-12,"T184","soil_vwc_15cm",0.394240406131148
"667",2022-06-12,"T185","soil_vwc_15cm",0.293777676409836
"668",2022-06-12,"T186","soil_vwc_15cm",0.324270559
"669",2022-06-12,"T187","soil_vwc_15cm",0.357414642704918
"670",2022-06-12,"T189","soil_vwc_15cm",0.384005632836066
"671",2022-06-12,"T190","soil_vwc_15cm",0.29367059057377
"672",2022-06-12,NA,"wx_par_den15",520.226836065574
"673",2022-06-12,NA,"wx_tempavg15",22.3149180327869
"674",2022-06-12,NA,"wx_windspeed15",0.793553595032787
"675",2022-06-13,"C1","sapflow_2.5cm",0.486770491803279
"676",2022-06-13,"C10","sapflow_2.5cm",0.700672131147541
"677",2022-06-13,"C11","sapflow_2.5cm",0.40355737704918
"678",2022-06-13,"C12","sapflow_2.5cm",0.591983606557377
"679",2022-06-13,"C13","sapflow_2.5cm",0.468147540983607
"680",2022-06-13,"C14","sapflow_2.5cm",0.480918032786885
"681",2022-06-13,"C15","sapflow_2.5cm",0.33555737704918
"682",2022-06-13,"C16","sapflow_2.5cm",0.476229508196721
"683",2022-06-13,"C17","sapflow_2.5cm",0.391967213114754
"684",2022-06-13,"C18","sapflow_2.5cm",0.373967213114754
"685",2022-06-13,"C2","sapflow_2.5cm",0.601377049180328
"686",2022-06-13,"C3","sapflow_2.5cm",0.332770491803279
"687",2022-06-13,"C4","sapflow_2.5cm",0.331754098360656
"688",2022-06-13,"C5","sapflow_2.5cm",0.462508196721311
"689",2022-06-13,"C6","sapflow_2.5cm",0.588049180327869
"690",2022-06-13,"C7","sapflow_2.5cm",0.611540983606557
"691",2022-06-13,"C9","sapflow_2.5cm",0.395803278688525
"692",2022-06-13,"T019","soil_vwc_15cm",0.372810012163934
"693",2022-06-13,"T034","soil_vwc_15cm",0.283565986344262
"694",2022-06-13,"T035","soil_vwc_15cm",0.312380915278688
"695",2022-06-13,"T037","soil_vwc_15cm",0.387937349081967
"696",2022-06-13,"T039","soil_vwc_15cm",NA
"697",2022-06-13,"T055","soil_vwc_15cm",NA
"698",2022-06-13,"T056","soil_vwc_15cm",0.298158784344262
"699",2022-06-13,"T057","soil_vwc_15cm",0.345136844622951
"700",2022-06-13,"T058","soil_vwc_15cm",NA
"701",2022-06-13,"T060","soil_vwc_15cm",0.378844909491803
"702",2022-06-13,"T062","soil_vwc_15cm",0.337675174786885
"703",2022-06-13,"T074","soil_vwc_15cm",0.364483070967213
"704",2022-06-13,"T103","soil_vwc_15cm",0.271424970704918
"705",2022-06-13,"T110","soil_vwc_15cm",0.355875252016393
"706",2022-06-13,"T112","soil_vwc_15cm",0.274092260131148
"707",2022-06-13,"T113","soil_vwc_15cm",0.343042121032787
"708",2022-06-13,"T114","soil_vwc_15cm",0.317729929098361
"709",2022-06-13,"T115","soil_vwc_15cm",0.26537328557377
"710",2022-06-13,"T116","soil_vwc_15cm",0.28722401052459
"711",2022-06-13,"T129","soil_vwc_15cm",NA
"712",2022-06-13,"T132","soil_vwc_15cm",0.396472039344262
"713",2022-06-13,"T135","soil_vwc_15cm",NA
"714",2022-06-13,"T160","soil_vwc_15cm",0.84318556452459
"715",2022-06-13,"T162","soil_vwc_15cm",0.422745968918033
"716",2022-06-13,"T166","soil_vwc_15cm",0.287166461426229
"717",2022-06-13,"T175","soil_vwc_15cm",0.345312162704918
"718",2022-06-13,"T179","soil_vwc_15cm",0.309547083213115
"719",2022-06-13,"T180","soil_vwc_15cm",0.287732286704918
"720",2022-06-13,"T181","soil_vwc_15cm",0.353900841016393
"721",2022-06-13,"T182","soil_vwc_15cm",0.31337978957377
"722",2022-06-13,"T184","soil_vwc_15cm",0.391779148836066
"723",2022-06-13,"T185","soil_vwc_15cm",0.288658858983607
"724",2022-06-13,"T186","soil_vwc_15cm",0.318604421032787
"725",2022-06-13,"T187","soil_vwc_15cm",0.35196630104918
"726",2022-06-13,"T189","soil_vwc_15cm",0.379491557868852
"727",2022-06-13,"T190","soil_vwc_15cm",0.288501791278689
"728",2022-06-13,NA,"wx_par_den15",797.800147540984
"729",2022-06-13,NA,"wx_tempavg15",27.5468852459016
"730",2022-06-13,NA,"wx_windspeed15",0.865991489147541
"731",2022-06-14,"C1","sapflow_2.5cm",0.502213114754098
"732",2022-06-14,"C10","sapflow_2.5cm",0.74383606557377
"733",2022-06-14,"C11","sapflow_2.5cm",0.423016393442623
"734",2022-06-14,"C12","sapflow_2.5cm",0.610196721311475
"735",2022-06-14,"C13","sapflow_2.5cm",0.470819672131148
"736",2022-06-14,"C14","sapflow_2.5cm",0.502672131147541
"737",2022-06-14,"C15","sapflow_2.5cm",0.356540983606557
"738",2022-06-14,"C16","sapflow_2.5cm",0.511852459016393
"739",2022-06-14,"C17","sapflow_2.5cm",0.433409836065574
"740",2022-06-14,"C18","sapflow_2.5cm",0.410918032786885
"741",2022-06-14,"C2","sapflow_2.5cm",0.617852459016393
"742",2022-06-14,"C3","sapflow_2.5cm",0.36555737704918
"743",2022-06-14,"C4","sapflow_2.5cm",0.355180327868852
"744",2022-06-14,"C5","sapflow_2.5cm",0.50044262295082
"745",2022-06-14,"C6","sapflow_2.5cm",0.629901639344262
"746",2022-06-14,"C7","sapflow_2.5cm",0.638147540983607
"747",2022-06-14,"C9","sapflow_2.5cm",0.403229508196721
"748",2022-06-14,"T019","soil_vwc_15cm",0.39502383695082
"749",2022-06-14,"T034","soil_vwc_15cm",0.309419203393443
"750",2022-06-14,"T035","soil_vwc_15cm",0.340681972098361
"751",2022-06-14,"T037","soil_vwc_15cm",0.438019563213115
"752",2022-06-14,"T039","soil_vwc_15cm",0.396947312229508
"753",2022-06-14,"T055","soil_vwc_15cm",0.343731692770492
"754",2022-06-14,"T056","soil_vwc_15cm",0.370185582508197
"755",2022-06-14,"T057","soil_vwc_15cm",0.368938388622951
"756",2022-06-14,"T058","soil_vwc_15cm",0.345911881540984
"757",2022-06-14,"T060","soil_vwc_15cm",NA
"758",2022-06-14,"T062","soil_vwc_15cm",0.375877665262295
"759",2022-06-14,"T074","soil_vwc_15cm",NA
"760",2022-06-14,"T103","soil_vwc_15cm",0.289069015540984
"761",2022-06-14,"T110","soil_vwc_15cm",0.391024905901639
"762",2022-06-14,"T112","soil_vwc_15cm",0.314820933459016
"763",2022-06-14,"T113","soil_vwc_15cm",0.35861554295082
"764",2022-06-14,"T114","soil_vwc_15cm",0.383387218491803
"765",2022-06-14,"T115","soil_vwc_15cm",0.328011568344262
"766",2022-06-14,"T116","soil_vwc_15cm",0.311920776852459
"767",2022-06-14,"T129","soil_vwc_15cm",NA
"768",2022-06-14,"T132","soil_vwc_15cm",0.420239371836066
"769",2022-06-14,"T135","soil_vwc_15cm",0.325256969622951
"770",2022-06-14,"T160","soil_vwc_15cm",0.842687208409836
"771",2022-06-14,"T162","soil_vwc_15cm",0.458407905163934
"772",2022-06-14,"T166","soil_vwc_15cm",0.311269486393443
"773",2022-06-14,"T175","soil_vwc_15cm",0.38631096704918
"774",2022-06-14,"T179","soil_vwc_15cm",0.334588063098361
"775",2022-06-14,"T180","soil_vwc_15cm",0.348928280967213
"776",2022-06-14,"T181","soil_vwc_15cm",0.387341254885246
"777",2022-06-14,"T182","soil_vwc_15cm",0.341135369967213
"778",2022-06-14,"T184","soil_vwc_15cm",0.414745499622951
"779",2022-06-14,"T185","soil_vwc_15cm",0.323945168131148
"780",2022-06-14,"T186","soil_vwc_15cm",0.359235928590164
"781",2022-06-14,"T187","soil_vwc_15cm",0.380082501262295
"782",2022-06-14,"T189","soil_vwc_15cm",0.39205010652459
"783",2022-06-14,"T190","soil_vwc_15cm",0.331944874344262
"784",2022-06-14,NA,"wx_par_den15",488.635442622951
"785",2022-06-14,NA,"wx_tempavg15",22.3462295081967
"786",2022-06-14,NA,"wx_windspeed15",1.04995123483607
"787",2022-06-15,"C1","sapflow_2.5cm",0.462049180327869
"788",2022-06-15,"C10","sapflow_2.5cm",0.69972131147541
"789",2022-06-15,"C11","sapflow_2.5cm",0.40916393442623
"790",2022-06-15,"C12","sapflow_2.5cm",0.594491803278689
"791",2022-06-15,"C13","sapflow_2.5cm",0.462590163934426
"792",2022-06-15,"C14","sapflow_2.5cm",0.472491803278689
"793",2022-06-15,"C15","sapflow_2.5cm",0.328770491803279
"794",2022-06-15,"C16","sapflow_2.5cm",0.476688524590164
"795",2022-06-15,"C17","sapflow_2.5cm",0.38355737704918
"796",2022-06-15,"C18","sapflow_2.5cm",0.375704918032787
"797",2022-06-15,"C2","sapflow_2.5cm",0.589065573770492
"798",2022-06-15,"C3","sapflow_2.5cm",0.31727868852459
"799",2022-06-15,"C4","sapflow_2.5cm",0.324606557377049
"800",2022-06-15,"C5","sapflow_2.5cm",0.454672131147541
"801",2022-06-15,"C6","sapflow_2.5cm",0.537524590163934
"802",2022-06-15,"C7","sapflow_2.5cm",0.60455737704918
"803",2022-06-15,"C9","sapflow_2.5cm",0.38872131147541
"804",2022-06-15,"T019","soil_vwc_15cm",0.389395789491803
"805",2022-06-15,"T034","soil_vwc_15cm",0.315326983983607
"806",2022-06-15,"T035","soil_vwc_15cm",0.333459846409836
"807",2022-06-15,"T037","soil_vwc_15cm",0.419204569098361
"808",2022-06-15,"T039","soil_vwc_15cm",0.372714245377049
"809",2022-06-15,"T055","soil_vwc_15cm",NA
"810",2022-06-15,"T056","soil_vwc_15cm",NA
"811",2022-06-15,"T057","soil_vwc_15cm",0.366499260704918
"812",2022-06-15,"T058","soil_vwc_15cm",0.338621142065574
"813",2022-06-15,"T060","soil_vwc_15cm",0.406287562688525
"814",2022-06-15,"T062","soil_vwc_15cm",0.370867587016393
"815",2022-06-15,"T074","soil_vwc_15cm",0.389466120213115
"816",2022-06-15,"T103","soil_vwc_15cm",0.292675086557377
"817",2022-06-15,"T110","soil_vwc_15cm",0.380300551934426
"818",2022-06-15,"T112","soil_vwc_15cm",NA
"819",2022-06-15,"T113","soil_vwc_15cm",NA
"820",2022-06-15,"T114","soil_vwc_15cm",0.365971144393443
"821",2022-06-15,"T115","soil_vwc_15cm",0.307404476229508
"822",2022-06-15,"T116","soil_vwc_15cm",0.303909497229508
"823",2022-06-15,"T129","soil_vwc_15cm",0.415518946786885
"824",2022-06-15,"T132","soil_vwc_15cm",0.412258043180328
"825",2022-06-15,"T135","soil_vwc_15cm",0.316468173065574
"826",2022-06-15,"T160","soil_vwc_15cm",0.842719702983607
"827",2022-06-15,"T162","soil_vwc_15cm",0.447296732229508
"828",2022-06-15,"T166","soil_vwc_15cm",0.301354190081967
"829",2022-06-15,"T175","soil_vwc_15cm",0.359897202704918
"830",2022-06-15,"T179","soil_vwc_15cm",0.328072805672131
"831",2022-06-15,"T180","soil_vwc_15cm",0.327104263885246
"832",2022-06-15,"T181","soil_vwc_15cm",0.373116643934426
"833",2022-06-15,"T182","soil_vwc_15cm",0.33335727547541
"834",2022-06-15,"T184","soil_vwc_15cm",0.399903746131148
"835",2022-06-15,"T185","soil_vwc_15cm",0.315900948803279
"836",2022-06-15,"T186","soil_vwc_15cm",0.344052060016393
"837",2022-06-15,"T187","soil_vwc_15cm",0.359370612557377
"838",2022-06-15,"T189","soil_vwc_15cm",0.386995006442623
"839",2022-06-15,"T190","soil_vwc_15cm",0.313595042278689
"840",2022-06-15,NA,"wx_par_den15",893.191868852459
"841",2022-06-15,NA,"wx_tempavg15",26.6162295081967
"842",2022-06-15,NA,"wx_windspeed15",0.993237982295082
"843",2022-06-16,"C1","sapflow_2.5cm",0.479704918032787
"844",2022-06-16,"C10","sapflow_2.5cm",0.749639344262295
"845",2022-06-16,"C11","sapflow_2.5cm",0.432918032786885
"846",2022-06-16,"C12","sapflow_2.5cm",0.619704918032787
"847",2022-06-16,"C13","sapflow_2.5cm",0.473081967213115
"848",2022-06-16,"C14","sapflow_2.5cm",0.502770491803279
"849",2022-06-16,"C15","sapflow_2.5cm",0.356836065573771
"850",2022-06-16,"C16","sapflow_2.5cm",0.524180327868852
"851",2022-06-16,"C17","sapflow_2.5cm",0.428081967213115
"852",2022-06-16,"C18","sapflow_2.5cm",0.405147540983607
"853",2022-06-16,"C2","sapflow_2.5cm",0.603540983606557
"854",2022-06-16,"C3","sapflow_2.5cm",0.363032786885246
"855",2022-06-16,"C4","sapflow_2.5cm",0.350885245901639
"856",2022-06-16,"C5","sapflow_2.5cm",0.48227868852459
"857",2022-06-16,"C6","sapflow_2.5cm",0.572786885245902
"858",2022-06-16,"C7","sapflow_2.5cm",0.646131147540984
"859",2022-06-16,"C9","sapflow_2.5cm",0.421639344262295
"860",2022-06-16,"T019","soil_vwc_15cm",0.386368961278689
"861",2022-06-16,"T034","soil_vwc_15cm",0.311059066540984
"862",2022-06-16,"T035","soil_vwc_15cm",0.328854837508197
"863",2022-06-16,"T037","soil_vwc_15cm",NA
"864",2022-06-16,"T039","soil_vwc_15cm",NA
"865",2022-06-16,"T055","soil_vwc_15cm",0.33020689157377
"866",2022-06-16,"T056","soil_vwc_15cm",0.337728717704918
"867",2022-06-16,"T057","soil_vwc_15cm",0.362645633180328
"868",2022-06-16,"T058","soil_vwc_15cm",0.332181874885246
"869",2022-06-16,"T060","soil_vwc_15cm",0.400891110606557
"870",2022-06-16,"T062","soil_vwc_15cm",0.363052228688525
"871",2022-06-16,"T074","soil_vwc_15cm",0.38271691457377
"872",2022-06-16,"T103","soil_vwc_15cm",0.288398584442623
"873",2022-06-16,"T110","soil_vwc_15cm",0.372805179311475
"874",2022-06-16,"T112","soil_vwc_15cm",0.296634591704918
"875",2022-06-16,"T113","soil_vwc_15cm",0.350229462901639
"876",2022-06-16,"T114","soil_vwc_15cm",0.353061514442623
"877",2022-06-16,"T115","soil_vwc_15cm",0.298424336868852
"878",2022-06-16,"T116","soil_vwc_15cm",0.300587547065574
"879",2022-06-16,"T129","soil_vwc_15cm",NA
"880",2022-06-16,"T132","soil_vwc_15cm",0.408158512491803
"881",2022-06-16,"T135","soil_vwc_15cm",0.307836825754098
"882",2022-06-16,"T160","soil_vwc_15cm",0.842413452754098
"883",2022-06-16,"T162","soil_vwc_15cm",0.432477616836066
"884",2022-06-16,"T166","soil_vwc_15cm",0.302916028098361
"885",2022-06-16,"T175","soil_vwc_15cm",0.357294139344262
"886",2022-06-16,"T179","soil_vwc_15cm",0.326685522655738
"887",2022-06-16,"T180","soil_vwc_15cm",0.317447588770492
"888",2022-06-16,"T181","soil_vwc_15cm",0.369158728540984
"889",2022-06-16,"T182","soil_vwc_15cm",0.328586614196721
"890",2022-06-16,"T184","soil_vwc_15cm",0.39766658057377
"891",2022-06-16,"T185","soil_vwc_15cm",0.310665507016393
"892",2022-06-16,"T186","soil_vwc_15cm",0.337434549606557
"893",2022-06-16,"T187","soil_vwc_15cm",0.362035676327869
"894",2022-06-16,"T189","soil_vwc_15cm",0.391916249229508
"895",2022-06-16,"T190","soil_vwc_15cm",0.305687923344262
"896",2022-06-16,NA,"wx_par_den15",462.76062295082
"897",2022-06-16,NA,"wx_tempavg15",23.975737704918
"898",2022-06-16,NA,"wx_windspeed15",1.11058802459016
"899",2022-06-17,"C1","sapflow_2.5cm",0.464295081967213
"900",2022-06-17,"C10","sapflow_2.5cm",0.694327868852459
"901",2022-06-17,"C11","sapflow_2.5cm",0.405049180327869
"902",2022-06-17,"C12","sapflow_2.5cm",0.589639344262295
"903",2022-06-17,"C13","sapflow_2.5cm",0.456852459016393
"904",2022-06-17,"C14","sapflow_2.5cm",0.463524590163934
"905",2022-06-17,"C15","sapflow_2.5cm",0.321819672131148
"906",2022-06-17,"C16","sapflow_2.5cm",0.486131147540984
"907",2022-06-17,"C17","sapflow_2.5cm",0.372622950819672
"908",2022-06-17,"C18","sapflow_2.5cm",0.371491803278689
"909",2022-06-17,"C2","sapflow_2.5cm",0.567114754098361
"910",2022-06-17,"C3","sapflow_2.5cm",0.308852459016393
"911",2022-06-17,"C4","sapflow_2.5cm",0.328901639344262
"912",2022-06-17,"C5","sapflow_2.5cm",0.412803278688525
"913",2022-06-17,"C6","sapflow_2.5cm",0.502737704918033
"914",2022-06-17,"C7","sapflow_2.5cm",0.595540983606557
"915",2022-06-17,"C9","sapflow_2.5cm",0.38644262295082
"916",2022-06-17,"T019","soil_vwc_15cm",0.383536655377049
"917",2022-06-17,"T034","soil_vwc_15cm",0.303960242180328
"918",2022-06-17,"T035","soil_vwc_15cm",0.323988473032787
"919",2022-06-17,"T037","soil_vwc_15cm",0.405917722295082
"920",2022-06-17,"T039","soil_vwc_15cm",0.36582450547541
"921",2022-06-17,"T055","soil_vwc_15cm",NA
"922",2022-06-17,"T056","soil_vwc_15cm",0.320956239655738
"923",2022-06-17,"T057","soil_vwc_15cm",NA
"924",2022-06-17,"T058","soil_vwc_15cm",0.325815736393443
"925",2022-06-17,"T060","soil_vwc_15cm",0.395318895311475
"926",2022-06-17,"T062","soil_vwc_15cm",0.356196954655738
"927",2022-06-17,"T074","soil_vwc_15cm",0.375619997918033
"928",2022-06-17,"T103","soil_vwc_15cm",0.280325368
"929",2022-06-17,"T110","soil_vwc_15cm",0.366279938229508
"930",2022-06-17,"T112","soil_vwc_15cm",0.287666916016393
"931",2022-06-17,"T113","soil_vwc_15cm",0.348035920196721
"932",2022-06-17,"T114","soil_vwc_15cm",0.339844934770492
"933",2022-06-17,"T115","soil_vwc_15cm",0.288392416196721
"934",2022-06-17,"T116","soil_vwc_15cm",0.297025416852459
"935",2022-06-17,"T129","soil_vwc_15cm",NA
"936",2022-06-17,"T132","soil_vwc_15cm",0.405451987934426
"937",2022-06-17,"T135","soil_vwc_15cm",0.297961273295082
"938",2022-06-17,"T160","soil_vwc_15cm",0.842201761098361
"939",2022-06-17,"T162","soil_vwc_15cm",0.429030584819672
"940",2022-06-17,"T166","soil_vwc_15cm",0.296637771213115
"941",2022-06-17,"T175","soil_vwc_15cm",0.353948978770492
"942",2022-06-17,"T179","soil_vwc_15cm",0.321949708786885
"943",2022-06-17,"T180","soil_vwc_15cm",0.309253296655738
"944",2022-06-17,"T181","soil_vwc_15cm",0.363095597180328
"945",2022-06-17,"T182","soil_vwc_15cm",0.323375400262295
"946",2022-06-17,"T184","soil_vwc_15cm",0.394623918409836
"947",2022-06-17,"T185","soil_vwc_15cm",0.305301676688525
"948",2022-06-17,"T186","soil_vwc_15cm",0.331626351213115
"949",2022-06-17,"T187","soil_vwc_15cm",0.356568511983607
"950",2022-06-17,"T189","soil_vwc_15cm",0.386402218934426
"951",2022-06-17,"T190","soil_vwc_15cm",0.297344893836066
"952",2022-06-17,NA,"wx_par_den15",805.389606557377
"953",2022-06-17,NA,"wx_tempavg15",30.5826229508197
"954",2022-06-17,NA,"wx_windspeed15",0.989350145737705
"955",2022-06-18,"C1","sapflow_2.5cm",0.52044262295082
"956",2022-06-18,"C10","sapflow_2.5cm",0.714655737704918
"957",2022-06-18,"C11","sapflow_2.5cm",0.43772131147541
"958",2022-06-18,"C12","sapflow_2.5cm",0.599491803278688
"959",2022-06-18,"C13","sapflow_2.5cm",0.447344262295082
"960",2022-06-18,"C14","sapflow_2.5cm",0.460918032786885
"961",2022-06-18,"C15","sapflow_2.5cm",0.320803278688525
"962",2022-06-18,"C16","sapflow_2.5cm",0.501491803278688
"963",2022-06-18,"C17","sapflow_2.5cm",0.387754098360656
"964",2022-06-18,"C18","sapflow_2.5cm",0.383590163934426
"965",2022-06-18,"C2","sapflow_2.5cm",0.588
"966",2022-06-18,"C3","sapflow_2.5cm",0.363540983606557
"967",2022-06-18,"C4","sapflow_2.5cm",0.380393442622951
"968",2022-06-18,"C5","sapflow_2.5cm",0.410852459016393
"969",2022-06-18,"C6","sapflow_2.5cm",0.527327868852459
"970",2022-06-18,"C7","sapflow_2.5cm",0.607229508196721
"971",2022-06-18,"C9","sapflow_2.5cm",0.391114754098361
"972",2022-06-18,"T019","soil_vwc_15cm",0.378433862672131
"973",2022-06-18,"T034","soil_vwc_15cm",0.293116656655738
"974",2022-06-18,"T035","soil_vwc_15cm",0.315735423606557
"975",2022-06-18,"T037","soil_vwc_15cm",NA
"976",2022-06-18,"T039","soil_vwc_15cm",0.361595886754098
"977",2022-06-18,"T055","soil_vwc_15cm",0.31874654504918
"978",2022-06-18,"T056","soil_vwc_15cm",0.305101304081967
"979",2022-06-18,"T057","soil_vwc_15cm",0.352696697672131
"980",2022-06-18,"T058","soil_vwc_15cm",NA
"981",2022-06-18,"T060","soil_vwc_15cm",0.388310305393443
"982",2022-06-18,"T062","soil_vwc_15cm",0.345296010803279
"983",2022-06-18,"T074","soil_vwc_15cm",0.366542692786885
"984",2022-06-18,"T103","soil_vwc_15cm",0.270518683688525
"985",2022-06-18,"T110","soil_vwc_15cm",NA
"986",2022-06-18,"T112","soil_vwc_15cm",0.27639625895082
"987",2022-06-18,"T113","soil_vwc_15cm",0.344883183459016
"988",2022-06-18,"T114","soil_vwc_15cm",0.324830724754098
"989",2022-06-18,"T115","soil_vwc_15cm",0.272879214163934
"990",2022-06-18,"T116","soil_vwc_15cm",0.292512677278689
"991",2022-06-18,"T129","soil_vwc_15cm",NA
"992",2022-06-18,"T132","soil_vwc_15cm",0.399921487786885
"993",2022-06-18,"T135","soil_vwc_15cm",0.285732757590164
"994",2022-06-18,"T160","soil_vwc_15cm",0.84234833642623
"995",2022-06-18,"T162","soil_vwc_15cm",0.425567718852459
"996",2022-06-18,"T166","soil_vwc_15cm",0.289864019770492
"997",2022-06-18,"T175","soil_vwc_15cm",0.348404679557377
"998",2022-06-18,"T179","soil_vwc_15cm",0.315379700229508
"999",2022-06-18,"T180","soil_vwc_15cm",0.296607247934426
"1000",2022-06-18,"T181","soil_vwc_15cm",0.357581757655738
"1001",2022-06-18,"T182","soil_vwc_15cm",0.315710877803279
"1002",2022-06-18,"T184","soil_vwc_15cm",0.390248851540984
"1003",2022-06-18,"T185","soil_vwc_15cm",0.297286072934426
"1004",2022-06-18,"T186","soil_vwc_15cm",0.325537338655738
"1005",2022-06-18,"T187","soil_vwc_15cm",0.353006191
"1006",2022-06-18,"T189","soil_vwc_15cm",0.381048308672131
"1007",2022-06-18,"T190","soil_vwc_15cm",0.289065263721311
"1008",2022-06-18,NA,"wx_par_den15",789.326065573771
"1009",2022-06-18,NA,"wx_tempavg15",22.0170491803279
"1010",2022-06-18,NA,"wx_windspeed15",2.86698535377049
"1011",2022-06-19,"C1","sapflow_2.5cm",0.521606557377049
"1012",2022-06-19,"C10","sapflow_2.5cm",0.716819672131148
"1013",2022-06-19,"C11","sapflow_2.5cm",0.432754098360656
"1014",2022-06-19,"C12","sapflow_2.5cm",0.597770491803279
"1015",2022-06-19,"C13","sapflow_2.5cm",0.454066666666667
"1016",2022-06-19,"C14","sapflow_2.5cm",0.46335
"1017",2022-06-19,"C15","sapflow_2.5cm",0.324816666666667
"1018",2022-06-19,"C16","sapflow_2.5cm",0.50616393442623
"1019",2022-06-19,"C17","sapflow_2.5cm",0.386196721311475
"1020",2022-06-19,"C18","sapflow_2.5cm",0.380983606557377
"1021",2022-06-19,"C2","sapflow_2.5cm",0.589852459016393
"1022",2022-06-19,"C3","sapflow_2.5cm",0.3637
"1023",2022-06-19,"C4","sapflow_2.5cm",0.396786885245902
"1024",2022-06-19,"C5","sapflow_2.5cm",0.392163934426229
"1025",2022-06-19,"C6","sapflow_2.5cm",0.5402
"1026",2022-06-19,"C7","sapflow_2.5cm",0.604983606557377
"1027",2022-06-19,"C9","sapflow_2.5cm",0.399366666666667
"1028",2022-06-19,"T019","soil_vwc_15cm",0.374134022967213
"1029",2022-06-19,"T034","soil_vwc_15cm",0.28539761305
"1030",2022-06-19,"T035","soil_vwc_15cm",0.308705721754098
"1031",2022-06-19,"T037","soil_vwc_15cm",NA
"1032",2022-06-19,"T039","soil_vwc_15cm",NA
"1033",2022-06-19,"T055","soil_vwc_15cm",0.31509252704918
"1034",2022-06-19,"T056","soil_vwc_15cm",0.297584755934426
"1035",2022-06-19,"T057","soil_vwc_15cm",0.347525736311475
"1036",2022-06-19,"T058","soil_vwc_15cm",0.307659663557377
"1037",2022-06-19,"T060","soil_vwc_15cm",0.380430530229508
"1038",2022-06-19,"T062","soil_vwc_15cm",NA
"1039",2022-06-19,"T074","soil_vwc_15cm",NA
"1040",2022-06-19,"T103","soil_vwc_15cm",0.263410702344262
"1041",2022-06-19,"T110","soil_vwc_15cm",0.352270834344262
"1042",2022-06-19,"T112","soil_vwc_15cm",0.2696382058
"1043",2022-06-19,"T113","soil_vwc_15cm",0.340813095016393
"1044",2022-06-19,"T114","soil_vwc_15cm",0.31733419585
"1045",2022-06-19,"T115","soil_vwc_15cm",0.26127437065
"1046",2022-06-19,"T116","soil_vwc_15cm",0.28812273985
"1047",2022-06-19,"T129","soil_vwc_15cm",0.390966720901639
"1048",2022-06-19,"T132","soil_vwc_15cm",0.394736091459016
"1049",2022-06-19,"T135","soil_vwc_15cm",0.279296097606557
"1050",2022-06-19,"T160","soil_vwc_15cm",0.843128142606557
"1051",2022-06-19,"T162","soil_vwc_15cm",0.421285239262295
"1052",2022-06-19,"T166","soil_vwc_15cm",0.284013533918033
"1053",2022-06-19,"T175","soil_vwc_15cm",0.344045001508197
"1054",2022-06-19,"T179","soil_vwc_15cm",0.309644821295082
"1055",2022-06-19,"T180","soil_vwc_15cm",0.27860057065
"1056",2022-06-19,"T181","soil_vwc_15cm",0.352986796
"1057",2022-06-19,"T182","soil_vwc_15cm",0.309968940360656
"1058",2022-06-19,"T184","soil_vwc_15cm",0.386115300114754
"1059",2022-06-19,"T185","soil_vwc_15cm",0.2901384622
"1060",2022-06-19,"T186","soil_vwc_15cm",0.319319873967213
"1061",2022-06-19,"T187","soil_vwc_15cm",0.35062626552459
"1062",2022-06-19,"T189","soil_vwc_15cm",0.377198115016393
"1063",2022-06-19,"T190","soil_vwc_15cm",0.282473570918033
"1064",2022-06-19,NA,"wx_par_den15",928.552475409836
"1065",2022-06-19,NA,"wx_tempavg15",20.7224590163934
"1066",2022-06-19,NA,"wx_windspeed15",2.39923616622951
"1067",2022-06-20,"C1","sapflow_2.5cm",0.526688524590164
"1068",2022-06-20,"C10","sapflow_2.5cm",0.71472131147541
"1069",2022-06-20,"C11","sapflow_2.5cm",0.421196721311475
"1070",2022-06-20,"C12","sapflow_2.5cm",0.599032786885246
"1071",2022-06-20,"C13","sapflow_2.5cm",0.454983606557377
"1072",2022-06-20,"C14","sapflow_2.5cm",0.465491803278689
"1073",2022-06-20,"C15","sapflow_2.5cm",0.325688524590164
"1074",2022-06-20,"C16","sapflow_2.5cm",0.513622950819672
"1075",2022-06-20,"C17","sapflow_2.5cm",0.386934426229508
"1076",2022-06-20,"C18","sapflow_2.5cm",0.384377049180328
"1077",2022-06-20,"C2","sapflow_2.5cm",0.593918032786885
"1078",2022-06-20,"C3","sapflow_2.5cm",0.349426229508197
"1079",2022-06-20,"C4","sapflow_2.5cm",0.387098360655738
"1080",2022-06-20,"C5","sapflow_2.5cm",0.395819672131148
"1081",2022-06-20,"C6","sapflow_2.5cm",0.55955737704918
"1082",2022-06-20,"C7","sapflow_2.5cm",0.608688524590164
"1083",2022-06-20,"C9","sapflow_2.5cm",0.416590163934426
"1084",2022-06-20,"T019","soil_vwc_15cm",0.369259137409836
"1085",2022-06-20,"T034","soil_vwc_15cm",0.277543934229508
"1086",2022-06-20,"T035","soil_vwc_15cm",NA
"1087",2022-06-20,"T037","soil_vwc_15cm",0.374438111131148
"1088",2022-06-20,"T039","soil_vwc_15cm",NA
"1089",2022-06-20,"T055","soil_vwc_15cm",0.312183785770492
"1090",2022-06-20,"T056","soil_vwc_15cm",0.292743891114754
"1091",2022-06-20,"T057","soil_vwc_15cm",0.341294154606557
"1092",2022-06-20,"T058","soil_vwc_15cm",0.299310211442623
"1093",2022-06-20,"T060","soil_vwc_15cm",0.369725825622951
"1094",2022-06-20,"T062","soil_vwc_15cm",0.32144066952459
"1095",2022-06-20,"T074","soil_vwc_15cm",0.35384437295082
"1096",2022-06-20,"T103","soil_vwc_15cm",0.255467337016393
"1097",2022-06-20,"T110","soil_vwc_15cm",0.346260673590164
"1098",2022-06-20,"T112","soil_vwc_15cm",0.264230570327869
"1099",2022-06-20,"T113","soil_vwc_15cm",0.335818087639344
"1100",2022-06-20,"T114","soil_vwc_15cm",0.31208096047541
"1101",2022-06-20,"T115","soil_vwc_15cm",0.252058713459016
"1102",2022-06-20,"T116","soil_vwc_15cm",NA
"1103",2022-06-20,"T129","soil_vwc_15cm",0.383580914131148
"1104",2022-06-20,"T132","soil_vwc_15cm",0.388110441508197
"1105",2022-06-20,"T135","soil_vwc_15cm",0.273232648295082
"1106",2022-06-20,"T160","soil_vwc_15cm",0.843591651311475
"1107",2022-06-20,"T162","soil_vwc_15cm",0.41653079347541
"1108",2022-06-20,"T166","soil_vwc_15cm",0.276365990032787
"1109",2022-06-20,"T175","soil_vwc_15cm",0.339251638540984
"1110",2022-06-20,"T179","soil_vwc_15cm",0.303050521295082
"1111",2022-06-20,"T180","soil_vwc_15cm",0.264170731983607
"1112",2022-06-20,"T181","soil_vwc_15cm",0.348038336622951
"1113",2022-06-20,"T182","soil_vwc_15cm",0.303038566344262
"1114",2022-06-20,"T184","soil_vwc_15cm",0.38085531252459
"1115",2022-06-20,"T185","soil_vwc_15cm",0.283676251688525
"1116",2022-06-20,"T186","soil_vwc_15cm",0.312156632770492
"1117",2022-06-20,"T187","soil_vwc_15cm",0.347829697295082
"1118",2022-06-20,"T189","soil_vwc_15cm",0.371847129901639
"1119",2022-06-20,"T190","soil_vwc_15cm",0.274956704819672
"1120",2022-06-20,NA,"wx_par_den15",920.587344262295
"1121",2022-06-20,NA,"wx_tempavg15",22.2109836065574
"1122",2022-06-20,NA,"wx_windspeed15",1.02326451027869
"1123",2022-06-21,"C1","sapflow_2.5cm",0.537754098360656
"1124",2022-06-21,"C10","sapflow_2.5cm",0.735770491803279
"1125",2022-06-21,"C11","sapflow_2.5cm",0.434131147540984
"1126",2022-06-21,"C12","sapflow_2.5cm",0.614147540983607
"1127",2022-06-21,"C13","sapflow_2.5cm",0.459163934426229
"1128",2022-06-21,"C14","sapflow_2.5cm",0.482426229508197
"1129",2022-06-21,"C15","sapflow_2.5cm",0.335409836065574
"1130",2022-06-21,"C16","sapflow_2.5cm",0.530213114754098
"1131",2022-06-21,"C17","sapflow_2.5cm",0.403934426229508
"1132",2022-06-21,"C18","sapflow_2.5cm",0.394426229508197
"1133",2022-06-21,"C2","sapflow_2.5cm",0.598081967213115
"1134",2022-06-21,"C3","sapflow_2.5cm",0.338114754098361
"1135",2022-06-21,"C4","sapflow_2.5cm",0.369016393442623
"1136",2022-06-21,"C5","sapflow_2.5cm",0.406868852459016
"1137",2022-06-21,"C6","sapflow_2.5cm",0.568295081967213
"1138",2022-06-21,"C7","sapflow_2.5cm",0.627147540983607
"1139",2022-06-21,"C9","sapflow_2.5cm",0.467950819672131
"1140",2022-06-21,"T019","soil_vwc_15cm",0.364643954081967
"1141",2022-06-21,"T034","soil_vwc_15cm",0.271583310213115
"1142",2022-06-21,"T035","soil_vwc_15cm",0.295470255803279
"1143",2022-06-21,"T037","soil_vwc_15cm",0.363955781327869
"1144",2022-06-21,"T039","soil_vwc_15cm",0.34430203295082
"1145",2022-06-21,"T055","soil_vwc_15cm",NA
"1146",2022-06-21,"T056","soil_vwc_15cm",0.290046714311475
"1147",2022-06-21,"T057","soil_vwc_15cm",0.333962272295082
"1148",2022-06-21,"T058","soil_vwc_15cm",0.292643545836066
"1149",2022-06-21,"T060","soil_vwc_15cm",0.361065862737705
"1150",2022-06-21,"T062","soil_vwc_15cm",0.314236158311475
"1151",2022-06-21,"T074","soil_vwc_15cm",0.349560557967213
"1152",2022-06-21,"T103","soil_vwc_15cm",0.249907648983607
"1153",2022-06-21,"T110","soil_vwc_15cm",NA
"1154",2022-06-21,"T112","soil_vwc_15cm",0.260809292327869
"1155",2022-06-21,"T113","soil_vwc_15cm",0.331594556131148
"1156",2022-06-21,"T114","soil_vwc_15cm",0.309166496081967
"1157",2022-06-21,"T115","soil_vwc_15cm",0.245742684016393
"1158",2022-06-21,"T116","soil_vwc_15cm",0.277935458868852
"1159",2022-06-21,"T129","soil_vwc_15cm",0.374293888639344
"1160",2022-06-21,"T132","soil_vwc_15cm",0.382384592377049
"1161",2022-06-21,"T135","soil_vwc_15cm",0.269157790590164
"1162",2022-06-21,"T160","soil_vwc_15cm",0.843770657622951
"1163",2022-06-21,"T162","soil_vwc_15cm",0.411773041
"1164",2022-06-21,"T166","soil_vwc_15cm",0.268190520606557
"1165",2022-06-21,"T175","soil_vwc_15cm",0.333435809327869
"1166",2022-06-21,"T179","soil_vwc_15cm",0.297221338147541
"1167",2022-06-21,"T180","soil_vwc_15cm",0.254909778459016
"1168",2022-06-21,"T181","soil_vwc_15cm",0.343401787
"1169",2022-06-21,"T182","soil_vwc_15cm",0.296011916819672
"1170",2022-06-21,"T184","soil_vwc_15cm",0.376203755622951
"1171",2022-06-21,"T185","soil_vwc_15cm",0.278637049147541
"1172",2022-06-21,"T186","soil_vwc_15cm",0.304680718737705
"1173",2022-06-21,"T187","soil_vwc_15cm",0.345240433
"1174",2022-06-21,"T189","soil_vwc_15cm",0.366189258655738
"1175",2022-06-21,"T190","soil_vwc_15cm",0.26819039342623
"1176",2022-06-21,NA,"wx_par_den15",562.239803278689
"1177",2022-06-21,NA,"wx_tempavg15",22.7180327868852
"1178",2022-06-21,NA,"wx_windspeed15",0.421367846721312
"1179",2022-06-22,"C1","sapflow_2.5cm",0.545901639344262
"1180",2022-06-22,"C10","sapflow_2.5cm",0.738311475409836
"1181",2022-06-22,"C11","sapflow_2.5cm",0.431147540983607
"1182",2022-06-22,"C12","sapflow_2.5cm",0.609639344262295
"1183",2022-06-22,"C13","sapflow_2.5cm",0.474606557377049
"1184",2022-06-22,"C14","sapflow_2.5cm",0.495
"1185",2022-06-22,"C15","sapflow_2.5cm",0.345049180327869
"1186",2022-06-22,"C16","sapflow_2.5cm",0.544262295081967
"1187",2022-06-22,"C17","sapflow_2.5cm",0.420147540983607
"1188",2022-06-22,"C18","sapflow_2.5cm",0.405524590163934
"1189",2022-06-22,"C2","sapflow_2.5cm",0.589934426229508
"1190",2022-06-22,"C3","sapflow_2.5cm",0.359262295081967
"1191",2022-06-22,"C4","sapflow_2.5cm",0.358803278688525
"1192",2022-06-22,"C5","sapflow_2.5cm",0.419245901639344
"1193",2022-06-22,"C6","sapflow_2.5cm",0.585606557377049
"1194",2022-06-22,"C7","sapflow_2.5cm",0.636081967213115
"1195",2022-06-22,"C9","sapflow_2.5cm",0.479786885245902
"1196",2022-06-22,"T019","soil_vwc_15cm",0.361380061737705
"1197",2022-06-22,"T034","soil_vwc_15cm",0.266723749885246
"1198",2022-06-22,"T035","soil_vwc_15cm",0.290826584081967
"1199",2022-06-22,"T037","soil_vwc_15cm",0.356833619377049
"1200",2022-06-22,"T039","soil_vwc_15cm",0.337623158032787
"1201",2022-06-22,"T055","soil_vwc_15cm",0.309918259
"1202",2022-06-22,"T056","soil_vwc_15cm",0.288014817803279
"1203",2022-06-22,"T057","soil_vwc_15cm",0.326505753262295
"1204",2022-06-22,"T058","soil_vwc_15cm",0.287257395360656
"1205",2022-06-22,"T060","soil_vwc_15cm",NA
"1206",2022-06-22,"T062","soil_vwc_15cm",0.310298591770492
"1207",2022-06-22,"T074","soil_vwc_15cm",0.34618722695082
"1208",2022-06-22,"T103","soil_vwc_15cm",0.245368964622951
"1209",2022-06-22,"T110","soil_vwc_15cm",NA
"1210",2022-06-22,"T112","soil_vwc_15cm",0.257605174737705
"1211",2022-06-22,"T113","soil_vwc_15cm",0.329110915098361
"1212",2022-06-22,"T114","soil_vwc_15cm",0.308899163032787
"1213",2022-06-22,"T115","soil_vwc_15cm",0.242276066229508
"1214",2022-06-22,"T116","soil_vwc_15cm",0.274426235672131
"1215",2022-06-22,"T129","soil_vwc_15cm",NA
"1216",2022-06-22,"T132","soil_vwc_15cm",0.380088542327869
"1217",2022-06-22,"T135","soil_vwc_15cm",0.266154363557377
"1218",2022-06-22,"T160","soil_vwc_15cm",0.843424409180328
"1219",2022-06-22,"T162","soil_vwc_15cm",0.407739580491803
"1220",2022-06-22,"T166","soil_vwc_15cm",0.264433740901639
"1221",2022-06-22,"T175","soil_vwc_15cm",0.327781689901639
"1222",2022-06-22,"T179","soil_vwc_15cm",0.293234425639344
"1223",2022-06-22,"T180","soil_vwc_15cm",0.251860630098361
"1224",2022-06-22,"T181","soil_vwc_15cm",0.338909014737705
"1225",2022-06-22,"T182","soil_vwc_15cm",0.290405871557377
"1226",2022-06-22,"T184","soil_vwc_15cm",0.374361167032787
"1227",2022-06-22,"T185","soil_vwc_15cm",0.275253162163934
"1228",2022-06-22,"T186","soil_vwc_15cm",0.302360949557377
"1229",2022-06-22,"T187","soil_vwc_15cm",0.344609173442623
"1230",2022-06-22,"T189","soil_vwc_15cm",0.363325412032787
"1231",2022-06-22,"T190","soil_vwc_15cm",0.265574230491803
"1232",2022-06-22,NA,"wx_par_den15",506.803409836066
"1233",2022-06-22,NA,"wx_tempavg15",23.4895081967213
"1234",2022-06-22,NA,"wx_windspeed15",1.02952297840984
"1235",2022-06-23,"C1","sapflow_2.5cm",0.483032786885246
"1236",2022-06-23,"C10","sapflow_2.5cm",0.753508196721312
"1237",2022-06-23,"C11","sapflow_2.5cm",0.416639344262295
"1238",2022-06-23,"C12","sapflow_2.5cm",0.62272131147541
"1239",2022-06-23,"C13","sapflow_2.5cm",0.506245901639344
"1240",2022-06-23,"C14","sapflow_2.5cm",0.50755737704918
"1241",2022-06-23,"C15","sapflow_2.5cm",0.370344262295082
"1242",2022-06-23,"C16","sapflow_2.5cm",0.573147540983607
"1243",2022-06-23,"C17","sapflow_2.5cm",0.461606557377049
"1244",2022-06-23,"C18","sapflow_2.5cm",0.411885245901639
"1245",2022-06-23,"C2","sapflow_2.5cm",0.584360655737705
"1246",2022-06-23,"C3","sapflow_2.5cm",0.403180327868852
"1247",2022-06-23,"C4","sapflow_2.5cm",0.378229508196721
"1248",2022-06-23,"C5","sapflow_2.5cm",0.444295081967213
"1249",2022-06-23,"C6","sapflow_2.5cm",0.546360655737705
"1250",2022-06-23,"C7","sapflow_2.5cm",0.642180327868852
"1251",2022-06-23,"C9","sapflow_2.5cm",0.434311475409836
"1252",2022-06-23,"T019","soil_vwc_15cm",0.398078136114754
"1253",2022-06-23,"T034","soil_vwc_15cm",0.295718066672131
"1254",2022-06-23,"T035","soil_vwc_15cm",0.338128636245902
"1255",2022-06-23,"T037","soil_vwc_15cm",NA
"1256",2022-06-23,"T039","soil_vwc_15cm",NA
"1257",2022-06-23,"T055","soil_vwc_15cm",0.313802282622951
"1258",2022-06-23,"T056","soil_vwc_15cm",NA
"1259",2022-06-23,"T057","soil_vwc_15cm",0.368447091016393
"1260",2022-06-23,"T058","soil_vwc_15cm",0.339578746344262
"1261",2022-06-23,"T060","soil_vwc_15cm",0.400901348622951
"1262",2022-06-23,"T062","soil_vwc_15cm",0.340724450327869
"1263",2022-06-23,"T074","soil_vwc_15cm",0.394008302032787
"1264",2022-06-23,"T103","soil_vwc_15cm",0.252642916295082
"1265",2022-06-23,"T110","soil_vwc_15cm",0.370678915
"1266",2022-06-23,"T112","soil_vwc_15cm",0.302000711278689
"1267",2022-06-23,"T113","soil_vwc_15cm",0.360655388229508
"1268",2022-06-23,"T114","soil_vwc_15cm",NA
"1269",2022-06-23,"T115","soil_vwc_15cm",NA
"1270",2022-06-23,"T116","soil_vwc_15cm",0.316589121557377
"1271",2022-06-23,"T129","soil_vwc_15cm",0.39630212642623
"1272",2022-06-23,"T132","soil_vwc_15cm",0.422345605245902
"1273",2022-06-23,"T135","soil_vwc_15cm",0.282631401704918
"1274",2022-06-23,"T160","soil_vwc_15cm",0.843348100983607
"1275",2022-06-23,"T162","soil_vwc_15cm",0.456660256688525
"1276",2022-06-23,"T166","soil_vwc_15cm",0.310198882393443
"1277",2022-06-23,"T175","soil_vwc_15cm",0.407900590786885
"1278",2022-06-23,"T179","soil_vwc_15cm",0.340901803295082
"1279",2022-06-23,"T180","soil_vwc_15cm",0.371510674344262
"1280",2022-06-23,"T181","soil_vwc_15cm",0.375165836967213
"1281",2022-06-23,"T182","soil_vwc_15cm",0.342666303163934
"1282",2022-06-23,"T184","soil_vwc_15cm",0.421352136114754
"1283",2022-06-23,"T185","soil_vwc_15cm",0.331457137786885
"1284",2022-06-23,"T186","soil_vwc_15cm",0.363427728606557
"1285",2022-06-23,"T187","soil_vwc_15cm",0.367850297327869
"1286",2022-06-23,"T189","soil_vwc_15cm",0.393621928196721
"1287",2022-06-23,"T190","soil_vwc_15cm",0.320012434442623
"1288",2022-06-23,NA,"wx_par_den15",294.294229508197
"1289",2022-06-23,NA,"wx_tempavg15",19.6927868852459
"1290",2022-06-23,NA,"wx_windspeed15",0.919052515901639
"1291",2022-06-24,"C1","sapflow_2.5cm",0.460868852459016
"1292",2022-06-24,"C10","sapflow_2.5cm",0.737639344262295
"1293",2022-06-24,"C11","sapflow_2.5cm",0.412606557377049
"1294",2022-06-24,"C12","sapflow_2.5cm",0.613967213114754
"1295",2022-06-24,"C13","sapflow_2.5cm",0.474213114754098
"1296",2022-06-24,"C14","sapflow_2.5cm",0.472081967213115
"1297",2022-06-24,"C15","sapflow_2.5cm",0.336524590163934
"1298",2022-06-24,"C16","sapflow_2.5cm",0.542032786885246
"1299",2022-06-24,"C17","sapflow_2.5cm",0.402868852459016
"1300",2022-06-24,"C18","sapflow_2.5cm",0.373639344262295
"1301",2022-06-24,"C2","sapflow_2.5cm",0.55527868852459
"1302",2022-06-24,"C3","sapflow_2.5cm",0.333049180327869
"1303",2022-06-24,"C4","sapflow_2.5cm",0.338131147540984
"1304",2022-06-24,"C5","sapflow_2.5cm",0.403983606557377
"1305",2022-06-24,"C6","sapflow_2.5cm",0.50072131147541
"1306",2022-06-24,"C7","sapflow_2.5cm",0.623639344262295
"1307",2022-06-24,"C9","sapflow_2.5cm",0.434360655737705
"1308",2022-06-24,"T019","soil_vwc_15cm",0.391174533557377
"1309",2022-06-24,"T034","soil_vwc_15cm",NA
"1310",2022-06-24,"T035","soil_vwc_15cm",0.333141323278689
"1311",2022-06-24,"T037","soil_vwc_15cm",NA
"1312",2022-06-24,"T039","soil_vwc_15cm",NA
"1313",2022-06-24,"T055","soil_vwc_15cm",NA
"1314",2022-06-24,"T056","soil_vwc_15cm",0.340950068229508
"1315",2022-06-24,"T057","soil_vwc_15cm",0.363729591114754
"1316",2022-06-24,"T058","soil_vwc_15cm",NA
"1317",2022-06-24,"T060","soil_vwc_15cm",0.398390045868852
"1318",2022-06-24,"T062","soil_vwc_15cm",NA
"1319",2022-06-24,"T074","soil_vwc_15cm",NA
"1320",2022-06-24,"T103","soil_vwc_15cm",NA
"1321",2022-06-24,"T110","soil_vwc_15cm",0.366234598442623
"1322",2022-06-24,"T112","soil_vwc_15cm",NA
"1323",2022-06-24,"T113","soil_vwc_15cm",0.350984023786885
"1324",2022-06-24,"T114","soil_vwc_15cm",NA
"1325",2022-06-24,"T115","soil_vwc_15cm",NA
"1326",2022-06-24,"T116","soil_vwc_15cm",NA
"1327",2022-06-24,"T129","soil_vwc_15cm",0.40580472257377
"1328",2022-06-24,"T132","soil_vwc_15cm",0.412636976967213
"1329",2022-06-24,"T135","soil_vwc_15cm",0.294232282491803
"1330",2022-06-24,"T160","soil_vwc_15cm",0.843420339409836
"1331",2022-06-24,"T162","soil_vwc_15cm",0.445290526147541
"1332",2022-06-24,"T166","soil_vwc_15cm",0.296194166229508
"1333",2022-06-24,"T175","soil_vwc_15cm",0.357057838295082
"1334",2022-06-24,"T179","soil_vwc_15cm",0.326415900360656
"1335",2022-06-24,"T180","soil_vwc_15cm",NA
"1336",2022-06-24,"T181","soil_vwc_15cm",NA
"1337",2022-06-24,"T182","soil_vwc_15cm",0.328936550868852
"1338",2022-06-24,"T184","soil_vwc_15cm",0.400358161442623
"1339",2022-06-24,"T185","soil_vwc_15cm",NA
"1340",2022-06-24,"T186","soil_vwc_15cm",0.341676013540984
"1341",2022-06-24,"T187","soil_vwc_15cm",0.359623955770492
"1342",2022-06-24,"T189","soil_vwc_15cm",0.38469971947541
"1343",2022-06-24,"T190","soil_vwc_15cm",0.292237713409836
"1344",2022-06-24,NA,"wx_par_den15",795.239704918033
"1345",2022-06-24,NA,"wx_tempavg15",22.9973770491803
"1346",2022-06-24,NA,"wx_windspeed15",0.868087156229508
"1347",2022-06-25,"C1","sapflow_2.5cm",0.47272131147541
"1348",2022-06-25,"C10","sapflow_2.5cm",0.719016393442623
"1349",2022-06-25,"C11","sapflow_2.5cm",0.412180327868852
"1350",2022-06-25,"C12","sapflow_2.5cm",0.604934426229508
"1351",2022-06-25,"C13","sapflow_2.5cm",0.460786885245902
"1352",2022-06-25,"C14","sapflow_2.5cm",0.467393442622951
"1353",2022-06-25,"C15","sapflow_2.5cm",0.330868852459016
"1354",2022-06-25,"C16","sapflow_2.5cm",0.539590163934426
"1355",2022-06-25,"C17","sapflow_2.5cm",0.390098360655738
"1356",2022-06-25,"C18","sapflow_2.5cm",0.376967213114754
"1357",2022-06-25,"C2","sapflow_2.5cm",0.546901639344262
"1358",2022-06-25,"C3","sapflow_2.5cm",0.322016393442623
"1359",2022-06-25,"C4","sapflow_2.5cm",0.358213114754098
"1360",2022-06-25,"C5","sapflow_2.5cm",0.408737704918033
"1361",2022-06-25,"C6","sapflow_2.5cm",0.495704918032787
"1362",2022-06-25,"C7","sapflow_2.5cm",0.609491803278689
"1363",2022-06-25,"C9","sapflow_2.5cm",0.413819672131148
"1364",2022-06-25,"T019","soil_vwc_15cm",0.38649118157377
"1365",2022-06-25,"T034","soil_vwc_15cm",0.305928802885246
"1366",2022-06-25,"T035","soil_vwc_15cm",0.325108486590164
"1367",2022-06-25,"T037","soil_vwc_15cm",0.405893112901639
"1368",2022-06-25,"T039","soil_vwc_15cm",0.365154583098361
"1369",2022-06-25,"T055","soil_vwc_15cm",0.312008467688525
"1370",2022-06-25,"T056","soil_vwc_15cm",0.32017611552459
"1371",2022-06-25,"T057","soil_vwc_15cm",NA
"1372",2022-06-25,"T058","soil_vwc_15cm",0.330289622377049
"1373",2022-06-25,"T060","soil_vwc_15cm",0.392139577885246
"1374",2022-06-25,"T062","soil_vwc_15cm",0.320508692081967
"1375",2022-06-25,"T074","soil_vwc_15cm",0.37517047904918
"1376",2022-06-25,"T103","soil_vwc_15cm",0.252713374196721
"1377",2022-06-25,"T110","soil_vwc_15cm",0.358224272672131
"1378",2022-06-25,"T112","soil_vwc_15cm",0.290470860704918
"1379",2022-06-25,"T113","soil_vwc_15cm",0.346734674672131
"1380",2022-06-25,"T114","soil_vwc_15cm",0.342172970672131
"1381",2022-06-25,"T115","soil_vwc_15cm",0.288873539377049
"1382",2022-06-25,"T116","soil_vwc_15cm",0.298912836508197
"1383",2022-06-25,"T129","soil_vwc_15cm",NA
"1384",2022-06-25,"T132","soil_vwc_15cm",0.406908393459016
"1385",2022-06-25,"T135","soil_vwc_15cm",0.287362319131148
"1386",2022-06-25,"T160","soil_vwc_15cm",0.843162417704918
"1387",2022-06-25,"T162","soil_vwc_15cm",0.429590241852459
"1388",2022-06-25,"T166","soil_vwc_15cm",0.287075909032787
"1389",2022-06-25,"T175","soil_vwc_15cm",0.352089284426229
"1390",2022-06-25,"T179","soil_vwc_15cm",0.320443893704918
"1391",2022-06-25,"T180","soil_vwc_15cm",0.31304263452459
"1392",2022-06-25,"T181","soil_vwc_15cm",0.361688283262295
"1393",2022-06-25,"T182","soil_vwc_15cm",0.318476604803279
"1394",2022-06-25,"T184","soil_vwc_15cm",0.395617387540984
"1395",2022-06-25,"T185","soil_vwc_15cm",0.308497336786885
"1396",2022-06-25,"T186","soil_vwc_15cm",0.331258927245902
"1397",2022-06-25,"T187","soil_vwc_15cm",0.354444282557377
"1398",2022-06-25,"T189","soil_vwc_15cm",0.381114060901639
"1399",2022-06-25,"T190","soil_vwc_15cm",0.282038677786885
"1400",2022-06-25,NA,"wx_par_den15",893.657754098361
"1401",2022-06-25,NA,"wx_tempavg15",25.8852459016393
"1402",2022-06-25,NA,"wx_windspeed15",1.04806083271475
"1403",2022-06-26,"C1","sapflow_2.5cm",0.484918032786885
"1404",2022-06-26,"C10","sapflow_2.5cm",0.712459016393443
"1405",2022-06-26,"C11","sapflow_2.5cm",0.419672131147541
"1406",2022-06-26,"C12","sapflow_2.5cm",0.598672131147541
"1407",2022-06-26,"C13","sapflow_2.5cm",0.457311475409836
"1408",2022-06-26,"C14","sapflow_2.5cm",0.463360655737705
"1409",2022-06-26,"C15","sapflow_2.5cm",0.324786885245902
"1410",2022-06-26,"C16","sapflow_2.5cm",0.541819672131148
"1411",2022-06-26,"C17","sapflow_2.5cm",0.384754098360656
"1412",2022-06-26,"C18","sapflow_2.5cm",0.378393442622951
"1413",2022-06-26,"C2","sapflow_2.5cm",0.543688524590164
"1414",2022-06-26,"C3","sapflow_2.5cm",0.317852459016393
"1415",2022-06-26,"C4","sapflow_2.5cm",0.368049180327869
"1416",2022-06-26,"C5","sapflow_2.5cm",0.407491803278689
"1417",2022-06-26,"C6","sapflow_2.5cm",0.495475409836066
"1418",2022-06-26,"C7","sapflow_2.5cm",0.605344262295082
"1419",2022-06-26,"C9","sapflow_2.5cm",0.40072131147541
"1420",2022-06-26,"T019","soil_vwc_15cm",0.380985163639344
"1421",2022-06-26,"T034","soil_vwc_15cm",0.296131466327869
"1422",2022-06-26,"T035","soil_vwc_15cm",0.31678974852459
"1423",2022-06-26,"T037","soil_vwc_15cm",0.397859767491803
"1424",2022-06-26,"T039","soil_vwc_15cm",0.361065926327869
"1425",2022-06-26,"T055","soil_vwc_15cm",0.310947338622951
"1426",2022-06-26,"T056","soil_vwc_15cm",0.304289957180328
"1427",2022-06-26,"T057","soil_vwc_15cm",0.353841193442623
"1428",2022-06-26,"T058","soil_vwc_15cm",NA
"1429",2022-06-26,"T060","soil_vwc_15cm",NA
"1430",2022-06-26,"T062","soil_vwc_15cm",0.310692342065574
"1431",2022-06-26,"T074","soil_vwc_15cm",0.367209117704918
"1432",2022-06-26,"T103","soil_vwc_15cm",0.246998844114754
"1433",2022-06-26,"T110","soil_vwc_15cm",NA
"1434",2022-06-26,"T112","soil_vwc_15cm",0.278150139262295
"1435",2022-06-26,"T113","soil_vwc_15cm",NA
"1436",2022-06-26,"T114","soil_vwc_15cm",0.328612050262295
"1437",2022-06-26,"T115","soil_vwc_15cm",0.274043359295082
"1438",2022-06-26,"T116","soil_vwc_15cm",0.294076995311475
"1439",2022-06-26,"T129","soil_vwc_15cm",0.39361575995082
"1440",2022-06-26,"T132","soil_vwc_15cm",NA
"1441",2022-06-26,"T135","soil_vwc_15cm",0.279985287803279
"1442",2022-06-26,"T160","soil_vwc_15cm",0.842689116114754
"1443",2022-06-26,"T162","soil_vwc_15cm",0.425696997655738
"1444",2022-06-26,"T166","soil_vwc_15cm",0.277150311114754
"1445",2022-06-26,"T175","soil_vwc_15cm",0.345693576508197
"1446",2022-06-26,"T179","soil_vwc_15cm",0.313405289229508
"1447",2022-06-26,"T180","soil_vwc_15cm",0.301514818836066
"1448",2022-06-26,"T181","soil_vwc_15cm",0.356291704
"1449",2022-06-26,"T182","soil_vwc_15cm",0.308204822032787
"1450",2022-06-26,"T184","soil_vwc_15cm",0.391191257770492
"1451",2022-06-26,"T185","soil_vwc_15cm",0.300701818590164
"1452",2022-06-26,"T186","soil_vwc_15cm",0.322951953360656
"1453",2022-06-26,"T187","soil_vwc_15cm",0.351244552688525
"1454",2022-06-26,"T189","soil_vwc_15cm",0.377270162672131
"1455",2022-06-26,"T190","soil_vwc_15cm",0.273491778213115
"1456",2022-06-26,NA,"wx_par_den15",859.341950819672
"1457",2022-06-26,NA,"wx_tempavg15",26.4573770491803
"1458",2022-06-26,NA,"wx_windspeed15",1.34322645737705
"1459",2022-06-27,"C1","sapflow_2.5cm",0.507311475409836
"1460",2022-06-27,"C10","sapflow_2.5cm",0.756426229508197
"1461",2022-06-27,"C11","sapflow_2.5cm",0.432508196721311
"1462",2022-06-27,"C12","sapflow_2.5cm",0.628213114754098
"1463",2022-06-27,"C13","sapflow_2.5cm",0.447983606557377
"1464",2022-06-27,"C14","sapflow_2.5cm",0.493508196721311
"1465",2022-06-27,"C15","sapflow_2.5cm",0.352311475409836
"1466",2022-06-27,"C16","sapflow_2.5cm",0.566885245901639
"1467",2022-06-27,"C17","sapflow_2.5cm",0.425147540983607
"1468",2022-06-27,"C18","sapflow_2.5cm",0.398426229508197
"1469",2022-06-27,"C2","sapflow_2.5cm",0.559540983606557
"1470",2022-06-27,"C3","sapflow_2.5cm",0.344196721311475
"1471",2022-06-27,"C4","sapflow_2.5cm",0.34083606557377
"1472",2022-06-27,"C5","sapflow_2.5cm",0.409131147540984
"1473",2022-06-27,"C6","sapflow_2.5cm",0.513229508196721
"1474",2022-06-27,"C7","sapflow_2.5cm",0.642606557377049
"1475",2022-06-27,"C9","sapflow_2.5cm",0.430016393442623
"1476",2022-06-27,"T019","soil_vwc_15cm",0.387026356393443
"1477",2022-06-27,"T034","soil_vwc_15cm",0.290023885442623
"1478",2022-06-27,"T035","soil_vwc_15cm",0.320821937229508
"1479",2022-06-27,"T037","soil_vwc_15cm",0.395649945704918
"1480",2022-06-27,"T039","soil_vwc_15cm",0.380704794606557
"1481",2022-06-27,"T055","soil_vwc_15cm",NA
"1482",2022-06-27,"T056","soil_vwc_15cm",NA
"1483",2022-06-27,"T057","soil_vwc_15cm",0.35208896647541
"1484",2022-06-27,"T058","soil_vwc_15cm",0.326661612754098
"1485",2022-06-27,"T060","soil_vwc_15cm",0.397584294901639
"1486",2022-06-27,"T062","soil_vwc_15cm",0.32557568352459
"1487",2022-06-27,"T074","soil_vwc_15cm",0.36944895404918
"1488",2022-06-27,"T103","soil_vwc_15cm",0.248327560590164
"1489",2022-06-27,"T110","soil_vwc_15cm",NA
"1490",2022-06-27,"T112","soil_vwc_15cm",NA
"1491",2022-06-27,"T113","soil_vwc_15cm",0.348827681327869
"1492",2022-06-27,"T114","soil_vwc_15cm",NA
"1493",2022-06-27,"T115","soil_vwc_15cm",0.289783514622951
"1494",2022-06-27,"T116","soil_vwc_15cm",0.302373222459016
"1495",2022-06-27,"T129","soil_vwc_15cm",NA
"1496",2022-06-27,"T132","soil_vwc_15cm",0.406866614721311
"1497",2022-06-27,"T135","soil_vwc_15cm",0.279919662754098
"1498",2022-06-27,"T160","soil_vwc_15cm",NA
"1499",2022-06-27,"T162","soil_vwc_15cm",0.44006017157377
"1500",2022-06-27,"T166","soil_vwc_15cm",0.286085555819672
"1501",2022-06-27,"T175","soil_vwc_15cm",0.353340993213115
"1502",2022-06-27,"T179","soil_vwc_15cm",0.319083509327869
"1503",2022-06-27,"T180","soil_vwc_15cm",0.32571113057377
"1504",2022-06-27,"T181","soil_vwc_15cm",0.362271723016393
"1505",2022-06-27,"T182","soil_vwc_15cm",0.318291938967213
"1506",2022-06-27,"T184","soil_vwc_15cm",0.397679298606557
"1507",2022-06-27,"T185","soil_vwc_15cm",0.312634957983607
"1508",2022-06-27,"T186","soil_vwc_15cm",0.335548783295082
"1509",2022-06-27,"T187","soil_vwc_15cm",0.357199771540984
"1510",2022-06-27,"T189","soil_vwc_15cm",0.381160608901639
"1511",2022-06-27,"T190","soil_vwc_15cm",0.291285259934426
"1512",2022-06-27,NA,"wx_par_den15",465.306901639344
"1513",2022-06-27,NA,"wx_tempavg15",24.3967213114754
"1514",2022-06-27,NA,"wx_windspeed15",0.662158643606557
"1515",2022-06-28,"C1","sapflow_2.5cm",0.509786885245902
"1516",2022-06-28,"C10","sapflow_2.5cm",0.71655737704918
"1517",2022-06-28,"C11","sapflow_2.5cm",0.42327868852459
"1518",2022-06-28,"C12","sapflow_2.5cm",0.603426229508197
"1519",2022-06-28,"C13","sapflow_2.5cm",0.455868852459016
"1520",2022-06-28,"C14","sapflow_2.5cm",0.460606557377049
"1521",2022-06-28,"C15","sapflow_2.5cm",0.323049180327869
"1522",2022-06-28,"C16","sapflow_2.5cm",0.561147540983607
"1523",2022-06-28,"C17","sapflow_2.5cm",0.388786885245902
"1524",2022-06-28,"C18","sapflow_2.5cm",0.382868852459016
"1525",2022-06-28,"C2","sapflow_2.5cm",0.523147540983607
"1526",2022-06-28,"C3","sapflow_2.5cm",0.313229508196721
"1527",2022-06-28,"C4","sapflow_2.5cm",0.397344262295082
"1528",2022-06-28,"C5","sapflow_2.5cm",0.380098360655738
"1529",2022-06-28,"C6","sapflow_2.5cm",0.499344262295082
"1530",2022-06-28,"C7","sapflow_2.5cm",0.604590163934426
"1531",2022-06-28,"C9","sapflow_2.5cm",0.394524590163934
"1532",2022-06-28,"T019","soil_vwc_15cm",0.388582471295082
"1533",2022-06-28,"T034","soil_vwc_15cm",0.284580376639344
"1534",2022-06-28,"T035","soil_vwc_15cm",0.326244206918033
"1535",2022-06-28,"T037","soil_vwc_15cm",0.395870222032787
"1536",2022-06-28,"T039","soil_vwc_15cm",0.369279359081967
"1537",2022-06-28,"T055","soil_vwc_15cm",0.310579533114754
"1538",2022-06-28,"T056","soil_vwc_15cm",0.302211194721311
"1539",2022-06-28,"T057","soil_vwc_15cm",0.351996379196721
"1540",2022-06-28,"T058","soil_vwc_15cm",0.332079367540984
"1541",2022-06-28,"T060","soil_vwc_15cm",0.399090682295082
"1542",2022-06-28,"T062","soil_vwc_15cm",NA
"1543",2022-06-28,"T074","soil_vwc_15cm",NA
"1544",2022-06-28,"T103","soil_vwc_15cm",0.246950324819672
"1545",2022-06-28,"T110","soil_vwc_15cm",NA
"1546",2022-06-28,"T112","soil_vwc_15cm",0.283651578704918
"1547",2022-06-28,"T113","soil_vwc_15cm",0.347978180327869
"1548",2022-06-28,"T114","soil_vwc_15cm",0.327901239409836
"1549",2022-06-28,"T115","soil_vwc_15cm",0.293121107967213
"1550",2022-06-28,"T116","soil_vwc_15cm",0.298404433147541
"1551",2022-06-28,"T129","soil_vwc_15cm",0.400677956377049
"1552",2022-06-28,"T132","soil_vwc_15cm",0.405486835344262
"1553",2022-06-28,"T135","soil_vwc_15cm",0.283970928508197
"1554",2022-06-28,"T160","soil_vwc_15cm",0.842649817393443
"1555",2022-06-28,"T162","soil_vwc_15cm",0.438940475967213
"1556",2022-06-28,"T166","soil_vwc_15cm",0.284552651327869
"1557",2022-06-28,"T175","soil_vwc_15cm",0.348914291131148
"1558",2022-06-28,"T179","soil_vwc_15cm",0.316295335
"1559",2022-06-28,"T180","soil_vwc_15cm",0.317459925262295
"1560",2022-06-28,"T181","soil_vwc_15cm",0.365374477885246
"1561",2022-06-28,"T182","soil_vwc_15cm",0.318829530213115
"1562",2022-06-28,"T184","soil_vwc_15cm",0.397261129688525
"1563",2022-06-28,"T185","soil_vwc_15cm",0.31342341242623
"1564",2022-06-28,"T186","soil_vwc_15cm",0.330859517426229
"1565",2022-06-28,"T187","soil_vwc_15cm",0.357327969311475
"1566",2022-06-28,"T189","soil_vwc_15cm",0.381233038098361
"1567",2022-06-28,"T190","soil_vwc_15cm",0.282590131688525
"1568",2022-06-28,NA,"wx_par_den15",902.431409836066
"1569",2022-06-28,NA,"wx_tempavg15",22.597868852459
"1570",2022-06-28,NA,"wx_windspeed15",1.3400579647541
"1571",2022-06-29,"C1","sapflow_2.5cm",0.511262295081967
"1572",2022-06-29,"C10","sapflow_2.5cm",0.717540983606557
"1573",2022-06-29,"C11","sapflow_2.5cm",0.425262295081967
"1574",2022-06-29,"C12","sapflow_2.5cm",0.60183606557377
"1575",2022-06-29,"C13","sapflow_2.5cm",0.44227868852459
"1576",2022-06-29,"C14","sapflow_2.5cm",0.468590163934426
"1577",2022-06-29,"C15","sapflow_2.5cm",0.328147540983607
"1578",2022-06-29,"C16","sapflow_2.5cm",0.571229508196721
"1579",2022-06-29,"C17","sapflow_2.5cm",0.392590163934426
"1580",2022-06-29,"C18","sapflow_2.5cm",0.382983606557377
"1581",2022-06-29,"C2","sapflow_2.5cm",0.503213114754098
"1582",2022-06-29,"C3","sapflow_2.5cm",0.318524590163934
"1583",2022-06-29,"C4","sapflow_2.5cm",0.394409836065574
"1584",2022-06-29,"C5","sapflow_2.5cm",0.399377049180328
"1585",2022-06-29,"C6","sapflow_2.5cm",0.514606557377049
"1586",2022-06-29,"C7","sapflow_2.5cm",0.607590163934426
"1587",2022-06-29,"C9","sapflow_2.5cm",0.397639344262295
"1588",2022-06-29,"T019","soil_vwc_15cm",0.382651734655738
"1589",2022-06-29,"T034","soil_vwc_15cm",0.277483014852459
"1590",2022-06-29,"T035","soil_vwc_15cm",0.318863105819672
"1591",2022-06-29,"T037","soil_vwc_15cm",NA
"1592",2022-06-29,"T039","soil_vwc_15cm",0.363540919098361
"1593",2022-06-29,"T055","soil_vwc_15cm",0.308625534557377
"1594",2022-06-29,"T056","soil_vwc_15cm",NA
"1595",2022-06-29,"T057","soil_vwc_15cm",0.345538289327869
"1596",2022-06-29,"T058","soil_vwc_15cm",0.322995766983607
"1597",2022-06-29,"T060","soil_vwc_15cm",NA
"1598",2022-06-29,"T062","soil_vwc_15cm",NA
"1599",2022-06-29,"T074","soil_vwc_15cm",NA
"1600",2022-06-29,"T103","soil_vwc_15cm",0.241989974081967
"1601",2022-06-29,"T110","soil_vwc_15cm",0.350155507540984
"1602",2022-06-29,"T112","soil_vwc_15cm",NA
"1603",2022-06-29,"T113","soil_vwc_15cm",0.342843083819672
"1604",2022-06-29,"T114","soil_vwc_15cm",NA
"1605",2022-06-29,"T115","soil_vwc_15cm",NA
"1606",2022-06-29,"T116","soil_vwc_15cm",NA
"1607",2022-06-29,"T129","soil_vwc_15cm",0.394513971016393
"1608",2022-06-29,"T132","soil_vwc_15cm",0.397406115262295
"1609",2022-06-29,"T135","soil_vwc_15cm",0.278194843147541
"1610",2022-06-29,"T160","soil_vwc_15cm",0.842998990983607
"1611",2022-06-29,"T162","soil_vwc_15cm",0.428139305081967
"1612",2022-06-29,"T166","soil_vwc_15cm",0.272534809836066
"1613",2022-06-29,"T175","soil_vwc_15cm",0.341295744360656
"1614",2022-06-29,"T179","soil_vwc_15cm",0.308105875737705
"1615",2022-06-29,"T180","soil_vwc_15cm",NA
"1616",2022-06-29,"T181","soil_vwc_15cm",NA
"1617",2022-06-29,"T182","soil_vwc_15cm",0.306935180819672
"1618",2022-06-29,"T184","soil_vwc_15cm",0.392397372409836
"1619",2022-06-29,"T185","soil_vwc_15cm",0.303717073393443
"1620",2022-06-29,"T186","soil_vwc_15cm",0.319411125852459
"1621",2022-06-29,"T187","soil_vwc_15cm",0.352749032377049
"1622",2022-06-29,"T189","soil_vwc_15cm",0.376817082754098
"1623",2022-06-29,"T190","soil_vwc_15cm",0.270015494721311
"1624",2022-06-29,NA,"wx_par_den15",861.161557377049
"1625",2022-06-29,NA,"wx_tempavg15",24.9301639344262
"1626",2022-06-29,NA,"wx_windspeed15",1.11466873442623
"1627",2022-06-30,"C1","sapflow_2.5cm",0.511655737704918
"1628",2022-06-30,"C10","sapflow_2.5cm",0.714508196721311
"1629",2022-06-30,"C11","sapflow_2.5cm",0.426508196721311
"1630",2022-06-30,"C12","sapflow_2.5cm",0.600049180327869
"1631",2022-06-30,"C13","sapflow_2.5cm",0.470583333333333
"1632",2022-06-30,"C14","sapflow_2.5cm",0.471233333333333
"1633",2022-06-30,"C15","sapflow_2.5cm",0.330716666666667
"1634",2022-06-30,"C16","sapflow_2.5cm",0.57572131147541
"1635",2022-06-30,"C17","sapflow_2.5cm",0.393295081967213
"1636",2022-06-30,"C18","sapflow_2.5cm",0.383803278688525
"1637",2022-06-30,"C2","sapflow_2.5cm",0.578885245901639
"1638",2022-06-30,"C3","sapflow_2.5cm",0.318616666666667
"1639",2022-06-30,"C4","sapflow_2.5cm",0.393393442622951
"1640",2022-06-30,"C5","sapflow_2.5cm",0.409950819672131
"1641",2022-06-30,"C6","sapflow_2.5cm",0.519266666666667
"1642",2022-06-30,"C7","sapflow_2.5cm",0.606868852459016
"1643",2022-06-30,"C9","sapflow_2.5cm",0.401433333333333
"1644",2022-06-30,"T019","soil_vwc_15cm",0.376963340131148
"1645",2022-06-30,"T034","soil_vwc_15cm",0.269665876
"1646",2022-06-30,"T035","soil_vwc_15cm",0.309430713213115
"1647",2022-06-30,"T037","soil_vwc_15cm",NA
"1648",2022-06-30,"T039","soil_vwc_15cm",NA
"1649",2022-06-30,"T055","soil_vwc_15cm",0.30729427447541
"1650",2022-06-30,"T056","soil_vwc_15cm",0.286395239918033
"1651",2022-06-30,"T057","soil_vwc_15cm",0.337202699868852
"1652",2022-06-30,"T058","soil_vwc_15cm",0.312940635901639
"1653",2022-06-30,"T060","soil_vwc_15cm",0.383370875819672
"1654",2022-06-30,"T062","soil_vwc_15cm",0.3054239203
"1655",2022-06-30,"T074","soil_vwc_15cm",0.3580671223
"1656",2022-06-30,"T103","soil_vwc_15cm",0.236431748622951
"1657",2022-06-30,"T110","soil_vwc_15cm",0.340698950672131
"1658",2022-06-30,"T112","soil_vwc_15cm",0.2656712818
"1659",2022-06-30,"T113","soil_vwc_15cm",0.335909466704918
"1660",2022-06-30,"T114","soil_vwc_15cm",0.31184541085
"1661",2022-06-30,"T115","soil_vwc_15cm",0.26191039735
"1662",2022-06-30,"T116","soil_vwc_15cm",0.285145672
"1663",2022-06-30,"T129","soil_vwc_15cm",0.38770918757377
"1664",2022-06-30,"T132","soil_vwc_15cm",0.390105201360656
"1665",2022-06-30,"T135","soil_vwc_15cm",0.272149834983607
"1666",2022-06-30,"T160","soil_vwc_15cm",0.842571983032787
"1667",2022-06-30,"T162","soil_vwc_15cm",0.423942227081967
"1668",2022-06-30,"T166","soil_vwc_15cm",0.26188879895082
"1669",2022-06-30,"T175","soil_vwc_15cm",0.334878670147541
"1670",2022-06-30,"T179","soil_vwc_15cm",0.300908677393443
"1671",2022-06-30,"T180","soil_vwc_15cm",0.29014654345
"1672",2022-06-30,"T181","soil_vwc_15cm",0.35365547095
"1673",2022-06-30,"T182","soil_vwc_15cm",0.296894293934426
"1674",2022-06-30,"T184","soil_vwc_15cm",0.387616918245902
"1675",2022-06-30,"T185","soil_vwc_15cm",0.29472428065
"1676",2022-06-30,"T186","soil_vwc_15cm",0.308598254377049
"1677",2022-06-30,"T187","soil_vwc_15cm",0.349387338360656
"1678",2022-06-30,"T189","soil_vwc_15cm",0.371592387704918
"1679",2022-06-30,"T190","soil_vwc_15cm",0.260032792836066
"1680",2022-06-30,NA,"wx_par_den15",907.502754098361
"1681",2022-06-30,NA,"wx_tempavg15",27.3101639344262
"1682",2022-06-30,NA,"wx_windspeed15",0.800263636557377
