"","day","research_name","value"
"1",2022-06-01,"soil_vwc_15cm",NA
"2",2022-06-01,"soil_vwc_15cm",0.318909335868852
"3",2022-06-01,"soil_vwc_15cm",0.319128022442623
"4",2022-06-01,"soil_vwc_15cm",0.406960346622951
"5",2022-06-01,"soil_vwc_15cm",NA
"6",2022-06-01,"soil_vwc_15cm",0.35968373052459
"7",2022-06-01,"soil_vwc_15cm",0.332907565836066
"8",2022-06-01,"soil_vwc_15cm",0.362757106737705
"9",2022-06-01,"soil_vwc_15cm",0.331839123901639
"10",2022-06-01,"soil_vwc_15cm",0.393573917622951
"11",2022-06-01,"soil_vwc_15cm",0.370111054836066
"12",2022-06-01,"soil_vwc_15cm",NA
"13",2022-06-01,"soil_vwc_15cm",0.303474667688525
"14",2022-06-01,"soil_vwc_15cm",0.373387474442623
"15",2022-06-01,"soil_vwc_15cm",0.296719611754098
"16",2022-06-01,"soil_vwc_15cm",0.349231478868852
"17",2022-06-01,"soil_vwc_15cm",0.343091721360656
"18",2022-06-01,"soil_vwc_15cm",0.29343670595082
"19",2022-06-01,"soil_vwc_15cm",0.300589709131148
"20",2022-06-01,"soil_vwc_15cm",0.401955292
"21",2022-06-01,"soil_vwc_15cm",0.404623916819672
"22",2022-06-01,"soil_vwc_15cm",0.301410785327869
"23",2022-06-01,"soil_vwc_15cm",0.843218059098361
"24",2022-06-01,"soil_vwc_15cm",0.425775149967213
"25",2022-06-01,"soil_vwc_15cm",0.301918362016393
"26",2022-06-01,"soil_vwc_15cm",0.357171092377049
"27",2022-06-01,"soil_vwc_15cm",0.333728896393443
"28",2022-06-01,"soil_vwc_15cm",0.327219489262295
"29",2022-06-01,"soil_vwc_15cm",0.364654064918033
"30",2022-06-01,"soil_vwc_15cm",0.331525560803279
"31",2022-06-01,"soil_vwc_15cm",0.396358340131148
"32",2022-06-01,"soil_vwc_15cm",0.307106810672131
"33",2022-06-01,"soil_vwc_15cm",0.340142981868852
"34",2022-06-01,"soil_vwc_15cm",0.35256964452459
"35",2022-06-01,"soil_vwc_15cm",0.382708329901639
"36",2022-06-01,"soil_vwc_15cm",0.321923700409836
"37",2022-06-01,"wx_par_den15",815.278163934426
"38",2022-06-01,"wx_tempavg15",29.6977049180328
"39",2022-06-01,"wx_windspeed15",0.76359304895082
"40",2022-06-02,"soil_vwc_15cm",NA
"41",2022-06-02,"soil_vwc_15cm",0.313805271360656
"42",2022-06-02,"soil_vwc_15cm",0.316873814721311
"43",2022-06-02,"soil_vwc_15cm",0.406759719655738
"44",2022-06-02,"soil_vwc_15cm",NA
"45",2022-06-02,"soil_vwc_15cm",NA
"46",2022-06-02,"soil_vwc_15cm",0.337747286032787
"47",2022-06-02,"soil_vwc_15cm",0.360891625688525
"48",2022-06-02,"soil_vwc_15cm",NA
"49",2022-06-02,"soil_vwc_15cm",NA
"50",2022-06-02,"soil_vwc_15cm",0.370238998245902
"51",2022-06-02,"soil_vwc_15cm",0.378819091885246
"52",2022-06-02,"soil_vwc_15cm",0.300401736606557
"53",2022-06-02,"soil_vwc_15cm",0.377829310983607
"54",2022-06-02,"soil_vwc_15cm",0.291423695721311
"55",2022-06-02,"soil_vwc_15cm",0.351081825459016
"56",2022-06-02,"soil_vwc_15cm",0.354618519606557
"57",2022-06-02,"soil_vwc_15cm",0.301024538672131
"58",2022-06-02,"soil_vwc_15cm",0.299554270491803
"59",2022-06-02,"soil_vwc_15cm",NA
"60",2022-06-02,"soil_vwc_15cm",0.407830959557377
"61",2022-06-02,"soil_vwc_15cm",0.315708143426229
"62",2022-06-02,"soil_vwc_15cm",0.84292242842623
"63",2022-06-02,"soil_vwc_15cm",0.43078160357377
"64",2022-06-02,"soil_vwc_15cm",0.305840857688525
"65",2022-06-02,"soil_vwc_15cm",0.36602379704918
"66",2022-06-02,"soil_vwc_15cm",0.339336658590164
"67",2022-06-02,"soil_vwc_15cm",0.340728520098361
"68",2022-06-02,"soil_vwc_15cm",0.366708281573771
"69",2022-06-02,"soil_vwc_15cm",0.336971358852459
"70",2022-06-02,"soil_vwc_15cm",0.400124912721311
"71",2022-06-02,"soil_vwc_15cm",0.30979591152459
"72",2022-06-02,"soil_vwc_15cm",0.346798137655738
"73",2022-06-02,"soil_vwc_15cm",0.359221048491803
"74",2022-06-02,"soil_vwc_15cm",0.386633305590164
"75",2022-06-02,"soil_vwc_15cm",0.324676772967213
"76",2022-06-02,"wx_par_den15",588.536721311475
"77",2022-06-02,"wx_tempavg15",22.9396721311475
"78",2022-06-02,"wx_windspeed15",1.06886751442623
"79",2022-06-03,"soil_vwc_15cm",NA
"80",2022-06-03,"soil_vwc_15cm",0.314634932229508
"81",2022-06-03,"soil_vwc_15cm",0.332626942442623
"82",2022-06-03,"soil_vwc_15cm",0.41584179404918
"83",2022-06-03,"soil_vwc_15cm",0.378129647327869
"84",2022-06-03,"soil_vwc_15cm",NA
"85",2022-06-03,"soil_vwc_15cm",NA
"86",2022-06-03,"soil_vwc_15cm",0.369356748311475
"87",2022-06-03,"soil_vwc_15cm",NA
"88",2022-06-03,"soil_vwc_15cm",NA
"89",2022-06-03,"soil_vwc_15cm",0.379100605540984
"90",2022-06-03,"soil_vwc_15cm",0.393387598442623
"91",2022-06-03,"soil_vwc_15cm",0.31134961
"92",2022-06-03,"soil_vwc_15cm",0.388702465934426
"93",2022-06-03,"soil_vwc_15cm",0.300295604622951
"94",2022-06-03,"soil_vwc_15cm",0.357232647655738
"95",2022-06-03,"soil_vwc_15cm",0.381236599147541
"96",2022-06-03,"soil_vwc_15cm",0.319694292852459
"97",2022-06-03,"soil_vwc_15cm",0.306737224639344
"98",2022-06-03,"soil_vwc_15cm",NA
"99",2022-06-03,"soil_vwc_15cm",NA
"100",2022-06-03,"soil_vwc_15cm",NA
"101",2022-06-03,"soil_vwc_15cm",NA
"102",2022-06-03,"soil_vwc_15cm",NA
"103",2022-06-03,"soil_vwc_15cm",0.312109894
"104",2022-06-03,"soil_vwc_15cm",0.370649218393443
"105",2022-06-03,"soil_vwc_15cm",NA
"106",2022-06-03,"soil_vwc_15cm",0.345294103098361
"107",2022-06-03,"soil_vwc_15cm",0.377394672213115
"108",2022-06-03,"soil_vwc_15cm",0.345302624180328
"109",2022-06-03,"soil_vwc_15cm",0.407802471163934
"110",2022-06-03,"soil_vwc_15cm",0.32661493757377
"111",2022-06-03,"soil_vwc_15cm",0.352408061918033
"112",2022-06-03,"soil_vwc_15cm",NA
"113",2022-06-03,"soil_vwc_15cm",0.391961843377049
"114",2022-06-03,"soil_vwc_15cm",0.327787095065574
"115",2022-06-03,"wx_par_den15",723.785737704918
"116",2022-06-03,"wx_tempavg15",22.5203278688525
"117",2022-06-03,"wx_windspeed15",1.61357083934426
"118",2022-06-04,"soil_vwc_15cm",NA
"119",2022-06-04,"soil_vwc_15cm",0.311809621245902
"120",2022-06-04,"soil_vwc_15cm",NA
"121",2022-06-04,"soil_vwc_15cm",NA
"122",2022-06-04,"soil_vwc_15cm",0.369081848032787
"123",2022-06-04,"soil_vwc_15cm",0.340233597852459
"124",2022-06-04,"soil_vwc_15cm",NA
"125",2022-06-04,"soil_vwc_15cm",0.365355528016393
"126",2022-06-04,"soil_vwc_15cm",0.340493045721311
"127",2022-06-04,"soil_vwc_15cm",0.401381263590164
"128",2022-06-04,"soil_vwc_15cm",0.371107258344262
"129",2022-06-04,"soil_vwc_15cm",0.38564587752459
"130",2022-06-04,"soil_vwc_15cm",0.306578885131148
"131",2022-06-04,"soil_vwc_15cm",0.380960109114754
"132",2022-06-04,"soil_vwc_15cm",0.296452087934426
"133",2022-06-04,"soil_vwc_15cm",0.353022088540984
"134",2022-06-04,"soil_vwc_15cm",0.365441692688525
"135",2022-06-04,"soil_vwc_15cm",0.307900924639344
"136",2022-06-04,"soil_vwc_15cm",0.303526175721311
"137",2022-06-04,"soil_vwc_15cm",0.409211629196721
"138",2022-06-04,"soil_vwc_15cm",0.409324374557377
"139",2022-06-04,"soil_vwc_15cm",0.320344947409836
"140",2022-06-04,"soil_vwc_15cm",0.843489016786885
"141",2022-06-04,"soil_vwc_15cm",0.437312249819672
"142",2022-06-04,"soil_vwc_15cm",0.305884607721311
"143",2022-06-04,"soil_vwc_15cm",0.363551602245902
"144",2022-06-04,"soil_vwc_15cm",0.335468341737705
"145",2022-06-04,"soil_vwc_15cm",0.332001342409836
"146",2022-06-04,"soil_vwc_15cm",0.372794496163934
"147",2022-06-04,"soil_vwc_15cm",0.337655461836066
"148",2022-06-04,"soil_vwc_15cm",0.401123214704918
"149",2022-06-04,"soil_vwc_15cm",0.317219999573771
"150",2022-06-04,"soil_vwc_15cm",0.345262117245902
"151",2022-06-04,"soil_vwc_15cm",0.355484681229508
"152",2022-06-04,"soil_vwc_15cm",0.388603646819672
"153",2022-06-04,"soil_vwc_15cm",0.320354358754098
"154",2022-06-04,"wx_par_den15",849.893606557377
"155",2022-06-04,"wx_tempavg15",23.9770491803279
"156",2022-06-04,"wx_windspeed15",0.856423549216393
"157",2022-06-05,"soil_vwc_15cm",NA
"158",2022-06-05,"soil_vwc_15cm",0.307432201540984
"159",2022-06-05,"soil_vwc_15cm",NA
"160",2022-06-05,"soil_vwc_15cm",NA
"161",2022-06-05,"soil_vwc_15cm",0.365451421983607
"162",2022-06-05,"soil_vwc_15cm",0.333843358688525
"163",2022-06-05,"soil_vwc_15cm",0.323144504377049
"164",2022-06-05,"soil_vwc_15cm",0.36072120404918
"165",2022-06-05,"soil_vwc_15cm",NA
"166",2022-06-05,"soil_vwc_15cm",NA
"167",2022-06-05,"soil_vwc_15cm",NA
"168",2022-06-05,"soil_vwc_15cm",NA
"169",2022-06-05,"soil_vwc_15cm",0.299999910360656
"170",2022-06-05,"soil_vwc_15cm",0.374127155229508
"171",2022-06-05,"soil_vwc_15cm",NA
"172",2022-06-05,"soil_vwc_15cm",0.351218925852459
"173",2022-06-05,"soil_vwc_15cm",NA
"174",2022-06-05,"soil_vwc_15cm",NA
"175",2022-06-05,"soil_vwc_15cm",NA
"176",2022-06-05,"soil_vwc_15cm",0.404238115295082
"177",2022-06-05,"soil_vwc_15cm",0.405717158918033
"178",2022-06-05,"soil_vwc_15cm",0.309027615163934
"179",2022-06-05,"soil_vwc_15cm",NA
"180",2022-06-05,"soil_vwc_15cm",0.428848653360656
"181",2022-06-05,"soil_vwc_15cm",0.302248267786885
"182",2022-06-05,"soil_vwc_15cm",0.359169286098361
"183",2022-06-05,"soil_vwc_15cm",0.33079745342623
"184",2022-06-05,"soil_vwc_15cm",NA
"185",2022-06-05,"soil_vwc_15cm",NA
"186",2022-06-05,"soil_vwc_15cm",0.332324761983607
"187",2022-06-05,"soil_vwc_15cm",0.397961130213115
"188",2022-06-05,"soil_vwc_15cm",0.310527961491803
"189",2022-06-05,"soil_vwc_15cm",0.341036868803279
"190",2022-06-05,"soil_vwc_15cm",0.352726267098361
"191",2022-06-05,"soil_vwc_15cm",0.385412120081967
"192",2022-06-05,"soil_vwc_15cm",0.314087102967213
"193",2022-06-05,"wx_par_den15",920.937245901639
"194",2022-06-05,"wx_tempavg15",21.9231147540984
"195",2022-06-05,"wx_windspeed15",1.46868790065574
"196",2022-06-06,"soil_vwc_15cm",NA
"197",2022-06-06,"soil_vwc_15cm",0.302651175065574
"198",2022-06-06,"soil_vwc_15cm",0.318822408114754
"199",2022-06-06,"soil_vwc_15cm",0.39879212647541
"200",2022-06-06,"soil_vwc_15cm",0.362095323901639
"201",2022-06-06,"soil_vwc_15cm",0.329352812081967
"202",2022-06-06,"soil_vwc_15cm",0.314231897770492
"203",2022-06-06,"soil_vwc_15cm",0.356918385065574
"204",2022-06-06,"soil_vwc_15cm",0.328889366967213
"205",2022-06-06,"soil_vwc_15cm",0.391448479983607
"206",2022-06-06,"soil_vwc_15cm",NA
"207",2022-06-06,"soil_vwc_15cm",0.374029417147541
"208",2022-06-06,"soil_vwc_15cm",0.293665185409836
"209",2022-06-06,"soil_vwc_15cm",0.368487979491803
"210",2022-06-06,"soil_vwc_15cm",0.285530922409836
"211",2022-06-06,"soil_vwc_15cm",0.348734521737705
"212",2022-06-06,"soil_vwc_15cm",0.341134225344262
"213",2022-06-06,"soil_vwc_15cm",0.289771686852459
"214",2022-06-06,"soil_vwc_15cm",0.297488989147541
"215",2022-06-06,"soil_vwc_15cm",0.399592917409836
"216",2022-06-06,"soil_vwc_15cm",0.401974877770492
"217",2022-06-06,"soil_vwc_15cm",0.300040353704918
"218",2022-06-06,"soil_vwc_15cm",0.844094840278689
"219",2022-06-06,"soil_vwc_15cm",0.425877530131148
"220",2022-06-06,"soil_vwc_15cm",0.298513490278689
"221",2022-06-06,"soil_vwc_15cm",0.355334354081967
"222",2022-06-06,"soil_vwc_15cm",0.326015218737705
"223",2022-06-06,"soil_vwc_15cm",0.317105537278689
"224",2022-06-06,"soil_vwc_15cm",0.362961103983607
"225",2022-06-06,"soil_vwc_15cm",0.327634987393443
"226",2022-06-06,"soil_vwc_15cm",0.39533593747541
"227",2022-06-06,"soil_vwc_15cm",0.304613122393443
"228",2022-06-06,"soil_vwc_15cm",0.336518469704918
"229",2022-06-06,"soil_vwc_15cm",0.350452727967213
"230",2022-06-06,"soil_vwc_15cm",0.38231947604918
"231",2022-06-06,"soil_vwc_15cm",0.308438515885246
"232",2022-06-06,"wx_par_den15",923.627278688525
"233",2022-06-06,"wx_tempavg15",22.6755737704918
"234",2022-06-06,"wx_windspeed15",1.37045585345902
"235",2022-06-07,"soil_vwc_15cm",NA
"236",2022-06-07,"soil_vwc_15cm",0.29802492704918
"237",2022-06-07,"soil_vwc_15cm",0.29676360025
"238",2022-06-07,"soil_vwc_15cm",0.394470475344262
"239",2022-06-07,"soil_vwc_15cm",NA
"240",2022-06-07,"soil_vwc_15cm",0.327004363737705
"241",2022-06-07,"soil_vwc_15cm",0.307921464262295
"242",2022-06-07,"soil_vwc_15cm",NA
"243",2022-06-07,"soil_vwc_15cm",NA
"244",2022-06-07,"soil_vwc_15cm",0.387737358016393
"245",2022-06-07,"soil_vwc_15cm",0.355035543901639
"246",2022-06-07,"soil_vwc_15cm",0.368734391377049
"247",2022-06-07,"soil_vwc_15cm",NA
"248",2022-06-07,"soil_vwc_15cm",0.3459623149
"249",2022-06-07,"soil_vwc_15cm",0.281848733967213
"250",2022-06-07,"soil_vwc_15cm",0.32754682705
"251",2022-06-07,"soil_vwc_15cm",0.333735191819672
"252",2022-06-07,"soil_vwc_15cm",0.280751231327869
"253",2022-06-07,"soil_vwc_15cm",0.294500760163934
"254",2022-06-07,"soil_vwc_15cm",NA
"255",2022-06-07,"soil_vwc_15cm",0.398611403229508
"256",2022-06-07,"soil_vwc_15cm",0.294334408295082
"257",2022-06-07,"soil_vwc_15cm",0.843815234327869
"258",2022-06-07,"soil_vwc_15cm",0.423224802852459
"259",2022-06-07,"soil_vwc_15cm",0.2782506202
"260",2022-06-07,"soil_vwc_15cm",0.3334990879
"261",2022-06-07,"soil_vwc_15cm",0.320842349672131
"262",2022-06-07,"soil_vwc_15cm",0.30849288547541
"263",2022-06-07,"soil_vwc_15cm",0.359246866098361
"264",2022-06-07,"soil_vwc_15cm",0.30622848955
"265",2022-06-07,"soil_vwc_15cm",0.37503393295
"266",2022-06-07,"soil_vwc_15cm",0.299247320770492
"267",2022-06-07,"soil_vwc_15cm",0.31373332015
"268",2022-06-07,"soil_vwc_15cm",0.348361629016393
"269",2022-06-07,"soil_vwc_15cm",0.361572316
"270",2022-06-07,"soil_vwc_15cm",0.28616526715
"271",2022-06-07,"wx_par_den15",491.691983606557
"272",2022-06-07,"wx_tempavg15",23.167868852459
"273",2022-06-07,"wx_windspeed15",1.39618580655738
"274",2022-06-08,"soil_vwc_15cm",0.363218771327869
"275",2022-06-08,"soil_vwc_15cm",0.292998951262295
"276",2022-06-08,"soil_vwc_15cm",0.308916968278689
"277",2022-06-08,"soil_vwc_15cm",0.388764021213115
"278",2022-06-08,"soil_vwc_15cm",0.355595518885246
"279",2022-06-08,"soil_vwc_15cm",NA
"280",2022-06-08,"soil_vwc_15cm",0.303589765885246
"281",2022-06-08,"soil_vwc_15cm",0.348521113147541
"282",2022-06-08,"soil_vwc_15cm",0.317946707967213
"283",2022-06-08,"soil_vwc_15cm",0.383707967278688
"284",2022-06-08,"soil_vwc_15cm",0.350510595016393
"285",2022-06-08,"soil_vwc_15cm",0.364628819622951
"286",2022-06-08,"soil_vwc_15cm",0.282799534098361
"287",2022-06-08,"soil_vwc_15cm",0.359275863213115
"288",2022-06-08,"soil_vwc_15cm",0.277262484163934
"289",2022-06-08,"soil_vwc_15cm",0.34234460052459
"290",2022-06-08,"soil_vwc_15cm",0.327563384868852
"291",2022-06-08,"soil_vwc_15cm",0.273646556672131
"292",2022-06-08,"soil_vwc_15cm",0.291429037295082
"293",2022-06-08,"soil_vwc_15cm",NA
"294",2022-06-08,"soil_vwc_15cm",0.395798873868852
"295",2022-06-08,"soil_vwc_15cm",0.289597259032787
"296",2022-06-08,"soil_vwc_15cm",0.84347051204918
"297",2022-06-08,"soil_vwc_15cm",0.420489535540984
"298",2022-06-08,"soil_vwc_15cm",0.290471305836066
"299",2022-06-08,"soil_vwc_15cm",0.34728288547541
"300",2022-06-08,"soil_vwc_15cm",0.315304663836066
"301",2022-06-08,"soil_vwc_15cm",0.298619813032787
"302",2022-06-08,"soil_vwc_15cm",0.355733382360656
"303",2022-06-08,"soil_vwc_15cm",0.319114350557377
"304",2022-06-08,"soil_vwc_15cm",0.39074288352459
"305",2022-06-08,"soil_vwc_15cm",0.294291930065574
"306",2022-06-08,"soil_vwc_15cm",0.32526568147541
"307",2022-06-08,"soil_vwc_15cm",0.346630068852459
"308",2022-06-08,"soil_vwc_15cm",0.376807798590164
"309",2022-06-08,"soil_vwc_15cm",0.297450962229508
"310",2022-06-08,"wx_par_den15",784.759557377049
"311",2022-06-08,"wx_tempavg15",26.0744262295082
"312",2022-06-08,"wx_windspeed15",1.22752936229508
"313",2022-06-09,"soil_vwc_15cm",0.38570374457377
"314",2022-06-09,"soil_vwc_15cm",0.291460387245902
"315",2022-06-09,"soil_vwc_15cm",0.323918269491803
"316",2022-06-09,"soil_vwc_15cm",0.412029436540984
"317",2022-06-09,"soil_vwc_15cm",0.370243958278689
"318",2022-06-09,"soil_vwc_15cm",NA
"319",2022-06-09,"soil_vwc_15cm",NA
"320",2022-06-09,"soil_vwc_15cm",0.358514943311475
"321",2022-06-09,"soil_vwc_15cm",0.329708090327869
"322",2022-06-09,"soil_vwc_15cm",0.397482995770492
"323",2022-06-09,"soil_vwc_15cm",0.357574826327869
"324",2022-06-09,"soil_vwc_15cm",0.387854045967213
"325",2022-06-09,"soil_vwc_15cm",NA
"326",2022-06-09,"soil_vwc_15cm",0.380087397704918
"327",2022-06-09,"soil_vwc_15cm",0.286484520508197
"328",2022-06-09,"soil_vwc_15cm",0.353282299491803
"329",2022-06-09,"soil_vwc_15cm",0.345605059
"330",2022-06-09,"soil_vwc_15cm",0.296720947147541
"331",2022-06-09,"soil_vwc_15cm",0.295396364032787
"332",2022-06-09,"soil_vwc_15cm",NA
"333",2022-06-09,"soil_vwc_15cm",NA
"334",2022-06-09,"soil_vwc_15cm",0.293082572327869
"335",2022-06-09,"soil_vwc_15cm",0.842985700639344
"336",2022-06-09,"soil_vwc_15cm",0.453346891196721
"337",2022-06-09,"soil_vwc_15cm",0.304285378688525
"338",2022-06-09,"soil_vwc_15cm",0.362601819557377
"339",2022-06-09,"soil_vwc_15cm",0.32573325995082
"340",2022-06-09,"soil_vwc_15cm",0.322467968622951
"341",2022-06-09,"soil_vwc_15cm",0.366756991639344
"342",2022-06-09,"soil_vwc_15cm",0.333355304180328
"343",2022-06-09,"soil_vwc_15cm",0.403894092508197
"344",2022-06-09,"soil_vwc_15cm",0.308273690180328
"345",2022-06-09,"soil_vwc_15cm",0.342781592131148
"346",2022-06-09,"soil_vwc_15cm",0.359796412295082
"347",2022-06-09,"soil_vwc_15cm",0.388284996508197
"348",2022-06-09,"soil_vwc_15cm",0.313016498967213
"349",2022-06-09,"wx_par_den15",795.829081967213
"350",2022-06-09,"wx_tempavg15",25.0124590163934
"351",2022-06-09,"wx_windspeed15",2.20377706721311
"352",2022-06-10,"soil_vwc_15cm",0.380578822491803
"353",2022-06-10,"soil_vwc_15cm",0.288456960213115
"354",2022-06-10,"soil_vwc_15cm",0.297703464318182
"355",2022-06-10,"soil_vwc_15cm",0.401631363704918
"356",2022-06-10,"soil_vwc_15cm",0.339819001545455
"357",2022-06-10,"soil_vwc_15cm",0.326346523491803
"358",2022-06-10,"soil_vwc_15cm",0.304020970786885
"359",2022-06-10,"soil_vwc_15cm",0.330242808454545
"360",2022-06-10,"soil_vwc_15cm",0.322246929213115
"361",2022-06-10,"soil_vwc_15cm",0.390561015655738
"362",2022-06-10,"soil_vwc_15cm",0.352796279868852
"363",2022-06-10,"soil_vwc_15cm",0.37850851752459
"364",2022-06-10,"soil_vwc_15cm",0.259261604568182
"365",2022-06-10,"soil_vwc_15cm",0.344259398636364
"366",2022-06-10,"soil_vwc_15cm",0.280177584459016
"367",2022-06-10,"soil_vwc_15cm",0.325302373
"368",2022-06-10,"soil_vwc_15cm",0.328241637557377
"369",2022-06-10,"soil_vwc_15cm",0.282833364065574
"370",2022-06-10,"soil_vwc_15cm",0.293721081163934
"371",2022-06-10,"soil_vwc_15cm",0.392872963245902
"372",2022-06-10,"soil_vwc_15cm",0.404865940983607
"373",2022-06-10,"soil_vwc_15cm",0.287389853672131
"374",2022-06-10,"soil_vwc_15cm",0.843356940016393
"375",2022-06-10,"soil_vwc_15cm",0.430242041032787
"376",2022-06-10,"soil_vwc_15cm",0.274008328340909
"377",2022-06-10,"soil_vwc_15cm",0.329481113909091
"378",2022-06-10,"soil_vwc_15cm",0.318956201819672
"379",2022-06-10,"soil_vwc_15cm",0.31063943504918
"380",2022-06-10,"soil_vwc_15cm",0.362122858442623
"381",2022-06-10,"soil_vwc_15cm",0.300780216590909
"382",2022-06-10,"soil_vwc_15cm",0.372061249545455
"383",2022-06-10,"soil_vwc_15cm",0.300281360426229
"384",2022-06-10,"soil_vwc_15cm",0.310557765045455
"385",2022-06-10,"soil_vwc_15cm",0.354682936442623
"386",2022-06-10,"soil_vwc_15cm",0.359779013159091
"387",2022-06-10,"soil_vwc_15cm",0.277633430159091
"388",2022-06-10,"wx_par_den15",783.119049180328
"389",2022-06-10,"wx_tempavg15",22.7327868852459
"390",2022-06-10,"wx_windspeed15",1.14015582704918
"391",2022-06-11,"soil_vwc_15cm",0.377489612327869
"392",2022-06-11,"soil_vwc_15cm",0.28858162555
"393",2022-06-11,"soil_vwc_15cm",0.318028802868852
"394",2022-06-11,"soil_vwc_15cm",NA
"395",2022-06-11,"soil_vwc_15cm",NA
"396",2022-06-11,"soil_vwc_15cm",NA
"397",2022-06-11,"soil_vwc_15cm",NA
"398",2022-06-11,"soil_vwc_15cm",0.350664165262295
"399",2022-06-11,"soil_vwc_15cm",NA
"400",2022-06-11,"soil_vwc_15cm",0.387210195557377
"401",2022-06-11,"soil_vwc_15cm",0.35038528
"402",2022-06-11,"soil_vwc_15cm",0.37266282955
"403",2022-06-11,"soil_vwc_15cm",0.279390783360656
"404",2022-06-11,"soil_vwc_15cm",0.362133478
"405",2022-06-11,"soil_vwc_15cm",0.27958855195
"406",2022-06-11,"soil_vwc_15cm",NA
"407",2022-06-11,"soil_vwc_15cm",NA
"408",2022-06-11,"soil_vwc_15cm",NA
"409",2022-06-11,"soil_vwc_15cm",0.29205048595
"410",2022-06-11,"soil_vwc_15cm",0.391398307344262
"411",2022-06-11,"soil_vwc_15cm",0.401342219229508
"412",2022-06-11,"soil_vwc_15cm",0.286164852754098
"413",2022-06-11,"soil_vwc_15cm",0.843572065540984
"414",2022-06-11,"soil_vwc_15cm",0.42736515842623
"415",2022-06-11,"soil_vwc_15cm",0.29295119504918
"416",2022-06-11,"soil_vwc_15cm",0.34905170947541
"417",2022-06-11,"soil_vwc_15cm",0.315124067770492
"418",2022-06-11,"soil_vwc_15cm",0.30273506215
"419",2022-06-11,"soil_vwc_15cm",0.35938733995
"420",2022-06-11,"soil_vwc_15cm",0.319428549557377
"421",2022-06-11,"soil_vwc_15cm",0.395070194180328
"422",2022-06-11,"soil_vwc_15cm",0.29610300655
"423",2022-06-11,"soil_vwc_15cm",0.328372633295082
"424",2022-06-11,"soil_vwc_15cm",0.351853046967213
"425",2022-06-11,"soil_vwc_15cm",0.381971510672131
"426",2022-06-11,"soil_vwc_15cm",0.295807474442623
"427",2022-06-11,"wx_par_den15",263.97168852459
"428",2022-06-11,"wx_tempavg15",19.4075409836066
"429",2022-06-11,"wx_windspeed15",0.552894905937705
"430",2022-06-12,"soil_vwc_15cm",0.375914229606557
"431",2022-06-12,"soil_vwc_15cm",0.288806070213115
"432",2022-06-12,"soil_vwc_15cm",NA
"433",2022-06-12,"soil_vwc_15cm",0.394869185672131
"434",2022-06-12,"soil_vwc_15cm",0.359919459262295
"435",2022-06-12,"soil_vwc_15cm",NA
"436",2022-06-12,"soil_vwc_15cm",0.302259078114754
"437",2022-06-12,"soil_vwc_15cm",0.348788954918033
"438",2022-06-12,"soil_vwc_15cm",0.315076565918033
"439",2022-06-12,"soil_vwc_15cm",NA
"440",2022-06-12,"soil_vwc_15cm",0.348664826918033
"441",2022-06-12,"soil_vwc_15cm",0.369366604786885
"442",2022-06-12,"soil_vwc_15cm",0.278136085836066
"443",2022-06-12,"soil_vwc_15cm",0.360290189918033
"444",2022-06-12,"soil_vwc_15cm",0.279979310327869
"445",2022-06-12,"soil_vwc_15cm",0.345910482557377
"446",2022-06-12,"soil_vwc_15cm",0.322674954606557
"447",2022-06-12,"soil_vwc_15cm",0.272932439131148
"448",2022-06-12,"soil_vwc_15cm",0.29052567542623
"449",2022-06-12,"soil_vwc_15cm",NA
"450",2022-06-12,"soil_vwc_15cm",0.399026265459016
"451",2022-06-12,"soil_vwc_15cm",0.287776100327869
"452",2022-06-12,"soil_vwc_15cm",NA
"453",2022-06-12,"soil_vwc_15cm",0.425566383459016
"454",2022-06-12,"soil_vwc_15cm",0.292133679901639
"455",2022-06-12,"soil_vwc_15cm",0.348531160393443
"456",2022-06-12,"soil_vwc_15cm",0.315095070655738
"457",2022-06-12,"soil_vwc_15cm",0.296968312885246
"458",2022-06-12,"soil_vwc_15cm",0.357656348918033
"459",2022-06-12,"soil_vwc_15cm",0.318103394131148
"460",2022-06-12,"soil_vwc_15cm",0.394240406131148
"461",2022-06-12,"soil_vwc_15cm",0.293777676409836
"462",2022-06-12,"soil_vwc_15cm",0.324270559
"463",2022-06-12,"soil_vwc_15cm",0.357414642704918
"464",2022-06-12,"soil_vwc_15cm",0.384005632836066
"465",2022-06-12,"soil_vwc_15cm",0.29367059057377
"466",2022-06-12,"wx_par_den15",520.226836065574
"467",2022-06-12,"wx_tempavg15",22.3149180327869
"468",2022-06-12,"wx_windspeed15",0.793553595032787
"469",2022-06-13,"soil_vwc_15cm",0.372810012163934
"470",2022-06-13,"soil_vwc_15cm",0.283565986344262
"471",2022-06-13,"soil_vwc_15cm",0.312380915278688
"472",2022-06-13,"soil_vwc_15cm",0.387937349081967
"473",2022-06-13,"soil_vwc_15cm",NA
"474",2022-06-13,"soil_vwc_15cm",NA
"475",2022-06-13,"soil_vwc_15cm",0.298158784344262
"476",2022-06-13,"soil_vwc_15cm",0.345136844622951
"477",2022-06-13,"soil_vwc_15cm",NA
"478",2022-06-13,"soil_vwc_15cm",0.378844909491803
"479",2022-06-13,"soil_vwc_15cm",0.337675174786885
"480",2022-06-13,"soil_vwc_15cm",0.364483070967213
"481",2022-06-13,"soil_vwc_15cm",0.271424970704918
"482",2022-06-13,"soil_vwc_15cm",0.355875252016393
"483",2022-06-13,"soil_vwc_15cm",0.274092260131148
"484",2022-06-13,"soil_vwc_15cm",0.343042121032787
"485",2022-06-13,"soil_vwc_15cm",0.317729929098361
"486",2022-06-13,"soil_vwc_15cm",0.26537328557377
"487",2022-06-13,"soil_vwc_15cm",0.28722401052459
"488",2022-06-13,"soil_vwc_15cm",NA
"489",2022-06-13,"soil_vwc_15cm",0.396472039344262
"490",2022-06-13,"soil_vwc_15cm",NA
"491",2022-06-13,"soil_vwc_15cm",0.84318556452459
"492",2022-06-13,"soil_vwc_15cm",0.422745968918033
"493",2022-06-13,"soil_vwc_15cm",0.287166461426229
"494",2022-06-13,"soil_vwc_15cm",0.345312162704918
"495",2022-06-13,"soil_vwc_15cm",0.309547083213115
"496",2022-06-13,"soil_vwc_15cm",0.287732286704918
"497",2022-06-13,"soil_vwc_15cm",0.353900841016393
"498",2022-06-13,"soil_vwc_15cm",0.31337978957377
"499",2022-06-13,"soil_vwc_15cm",0.391779148836066
"500",2022-06-13,"soil_vwc_15cm",0.288658858983607
"501",2022-06-13,"soil_vwc_15cm",0.318604421032787
"502",2022-06-13,"soil_vwc_15cm",0.35196630104918
"503",2022-06-13,"soil_vwc_15cm",0.379491557868852
"504",2022-06-13,"soil_vwc_15cm",0.288501791278689
"505",2022-06-13,"wx_par_den15",797.800147540984
"506",2022-06-13,"wx_tempavg15",27.5468852459016
"507",2022-06-13,"wx_windspeed15",0.865991489147541
"508",2022-06-14,"soil_vwc_15cm",0.39502383695082
"509",2022-06-14,"soil_vwc_15cm",0.309419203393443
"510",2022-06-14,"soil_vwc_15cm",0.340681972098361
"511",2022-06-14,"soil_vwc_15cm",0.438019563213115
"512",2022-06-14,"soil_vwc_15cm",0.396947312229508
"513",2022-06-14,"soil_vwc_15cm",0.343731692770492
"514",2022-06-14,"soil_vwc_15cm",0.370185582508197
"515",2022-06-14,"soil_vwc_15cm",0.368938388622951
"516",2022-06-14,"soil_vwc_15cm",0.345911881540984
"517",2022-06-14,"soil_vwc_15cm",NA
"518",2022-06-14,"soil_vwc_15cm",0.375877665262295
"519",2022-06-14,"soil_vwc_15cm",NA
"520",2022-06-14,"soil_vwc_15cm",0.289069015540984
"521",2022-06-14,"soil_vwc_15cm",0.391024905901639
"522",2022-06-14,"soil_vwc_15cm",0.314820933459016
"523",2022-06-14,"soil_vwc_15cm",0.35861554295082
"524",2022-06-14,"soil_vwc_15cm",0.383387218491803
"525",2022-06-14,"soil_vwc_15cm",0.328011568344262
"526",2022-06-14,"soil_vwc_15cm",0.311920776852459
"527",2022-06-14,"soil_vwc_15cm",NA
"528",2022-06-14,"soil_vwc_15cm",0.420239371836066
"529",2022-06-14,"soil_vwc_15cm",0.325256969622951
"530",2022-06-14,"soil_vwc_15cm",0.842687208409836
"531",2022-06-14,"soil_vwc_15cm",0.458407905163934
"532",2022-06-14,"soil_vwc_15cm",0.311269486393443
"533",2022-06-14,"soil_vwc_15cm",0.38631096704918
"534",2022-06-14,"soil_vwc_15cm",0.334588063098361
"535",2022-06-14,"soil_vwc_15cm",0.348928280967213
"536",2022-06-14,"soil_vwc_15cm",0.387341254885246
"537",2022-06-14,"soil_vwc_15cm",0.341135369967213
"538",2022-06-14,"soil_vwc_15cm",0.414745499622951
"539",2022-06-14,"soil_vwc_15cm",0.323945168131148
"540",2022-06-14,"soil_vwc_15cm",0.359235928590164
"541",2022-06-14,"soil_vwc_15cm",0.380082501262295
"542",2022-06-14,"soil_vwc_15cm",0.39205010652459
"543",2022-06-14,"soil_vwc_15cm",0.331944874344262
"544",2022-06-14,"wx_par_den15",488.635442622951
"545",2022-06-14,"wx_tempavg15",22.3462295081967
"546",2022-06-14,"wx_windspeed15",1.04995123483607
"547",2022-06-15,"soil_vwc_15cm",0.389395789491803
"548",2022-06-15,"soil_vwc_15cm",0.315326983983607
"549",2022-06-15,"soil_vwc_15cm",0.333459846409836
"550",2022-06-15,"soil_vwc_15cm",0.419204569098361
"551",2022-06-15,"soil_vwc_15cm",0.372714245377049
"552",2022-06-15,"soil_vwc_15cm",NA
"553",2022-06-15,"soil_vwc_15cm",NA
"554",2022-06-15,"soil_vwc_15cm",0.366499260704918
"555",2022-06-15,"soil_vwc_15cm",0.338621142065574
"556",2022-06-15,"soil_vwc_15cm",0.406287562688525
"557",2022-06-15,"soil_vwc_15cm",0.370867587016393
"558",2022-06-15,"soil_vwc_15cm",0.389466120213115
"559",2022-06-15,"soil_vwc_15cm",0.292675086557377
"560",2022-06-15,"soil_vwc_15cm",0.380300551934426
"561",2022-06-15,"soil_vwc_15cm",NA
"562",2022-06-15,"soil_vwc_15cm",NA
"563",2022-06-15,"soil_vwc_15cm",0.365971144393443
"564",2022-06-15,"soil_vwc_15cm",0.307404476229508
"565",2022-06-15,"soil_vwc_15cm",0.303909497229508
"566",2022-06-15,"soil_vwc_15cm",0.415518946786885
"567",2022-06-15,"soil_vwc_15cm",0.412258043180328
"568",2022-06-15,"soil_vwc_15cm",0.316468173065574
"569",2022-06-15,"soil_vwc_15cm",0.842719702983607
"570",2022-06-15,"soil_vwc_15cm",0.447296732229508
"571",2022-06-15,"soil_vwc_15cm",0.301354190081967
"572",2022-06-15,"soil_vwc_15cm",0.359897202704918
"573",2022-06-15,"soil_vwc_15cm",0.328072805672131
"574",2022-06-15,"soil_vwc_15cm",0.327104263885246
"575",2022-06-15,"soil_vwc_15cm",0.373116643934426
"576",2022-06-15,"soil_vwc_15cm",0.33335727547541
"577",2022-06-15,"soil_vwc_15cm",0.399903746131148
"578",2022-06-15,"soil_vwc_15cm",0.315900948803279
"579",2022-06-15,"soil_vwc_15cm",0.344052060016393
"580",2022-06-15,"soil_vwc_15cm",0.359370612557377
"581",2022-06-15,"soil_vwc_15cm",0.386995006442623
"582",2022-06-15,"soil_vwc_15cm",0.313595042278689
"583",2022-06-15,"wx_par_den15",893.191868852459
"584",2022-06-15,"wx_tempavg15",26.6162295081967
"585",2022-06-15,"wx_windspeed15",0.993237982295082
"586",2022-06-16,"soil_vwc_15cm",0.386368961278689
"587",2022-06-16,"soil_vwc_15cm",0.311059066540984
"588",2022-06-16,"soil_vwc_15cm",0.328854837508197
"589",2022-06-16,"soil_vwc_15cm",NA
"590",2022-06-16,"soil_vwc_15cm",NA
"591",2022-06-16,"soil_vwc_15cm",0.33020689157377
"592",2022-06-16,"soil_vwc_15cm",0.337728717704918
"593",2022-06-16,"soil_vwc_15cm",0.362645633180328
"594",2022-06-16,"soil_vwc_15cm",0.332181874885246
"595",2022-06-16,"soil_vwc_15cm",0.400891110606557
"596",2022-06-16,"soil_vwc_15cm",0.363052228688525
"597",2022-06-16,"soil_vwc_15cm",0.38271691457377
"598",2022-06-16,"soil_vwc_15cm",0.288398584442623
"599",2022-06-16,"soil_vwc_15cm",0.372805179311475
"600",2022-06-16,"soil_vwc_15cm",0.296634591704918
"601",2022-06-16,"soil_vwc_15cm",0.350229462901639
"602",2022-06-16,"soil_vwc_15cm",0.353061514442623
"603",2022-06-16,"soil_vwc_15cm",0.298424336868852
"604",2022-06-16,"soil_vwc_15cm",0.300587547065574
"605",2022-06-16,"soil_vwc_15cm",NA
"606",2022-06-16,"soil_vwc_15cm",0.408158512491803
"607",2022-06-16,"soil_vwc_15cm",0.307836825754098
"608",2022-06-16,"soil_vwc_15cm",0.842413452754098
"609",2022-06-16,"soil_vwc_15cm",0.432477616836066
"610",2022-06-16,"soil_vwc_15cm",0.302916028098361
"611",2022-06-16,"soil_vwc_15cm",0.357294139344262
"612",2022-06-16,"soil_vwc_15cm",0.326685522655738
"613",2022-06-16,"soil_vwc_15cm",0.317447588770492
"614",2022-06-16,"soil_vwc_15cm",0.369158728540984
"615",2022-06-16,"soil_vwc_15cm",0.328586614196721
"616",2022-06-16,"soil_vwc_15cm",0.39766658057377
"617",2022-06-16,"soil_vwc_15cm",0.310665507016393
"618",2022-06-16,"soil_vwc_15cm",0.337434549606557
"619",2022-06-16,"soil_vwc_15cm",0.362035676327869
"620",2022-06-16,"soil_vwc_15cm",0.391916249229508
"621",2022-06-16,"soil_vwc_15cm",0.305687923344262
"622",2022-06-16,"wx_par_den15",462.76062295082
"623",2022-06-16,"wx_tempavg15",23.975737704918
"624",2022-06-16,"wx_windspeed15",1.11058802459016
"625",2022-06-17,"soil_vwc_15cm",0.383536655377049
"626",2022-06-17,"soil_vwc_15cm",0.303960242180328
"627",2022-06-17,"soil_vwc_15cm",0.323988473032787
"628",2022-06-17,"soil_vwc_15cm",0.405917722295082
"629",2022-06-17,"soil_vwc_15cm",0.36582450547541
"630",2022-06-17,"soil_vwc_15cm",NA
"631",2022-06-17,"soil_vwc_15cm",0.320956239655738
"632",2022-06-17,"soil_vwc_15cm",NA
"633",2022-06-17,"soil_vwc_15cm",0.325815736393443
"634",2022-06-17,"soil_vwc_15cm",0.395318895311475
"635",2022-06-17,"soil_vwc_15cm",0.356196954655738
"636",2022-06-17,"soil_vwc_15cm",0.375619997918033
"637",2022-06-17,"soil_vwc_15cm",0.280325368
"638",2022-06-17,"soil_vwc_15cm",0.366279938229508
"639",2022-06-17,"soil_vwc_15cm",0.287666916016393
"640",2022-06-17,"soil_vwc_15cm",0.348035920196721
"641",2022-06-17,"soil_vwc_15cm",0.339844934770492
"642",2022-06-17,"soil_vwc_15cm",0.288392416196721
"643",2022-06-17,"soil_vwc_15cm",0.297025416852459
"644",2022-06-17,"soil_vwc_15cm",NA
"645",2022-06-17,"soil_vwc_15cm",0.405451987934426
"646",2022-06-17,"soil_vwc_15cm",0.297961273295082
"647",2022-06-17,"soil_vwc_15cm",0.842201761098361
"648",2022-06-17,"soil_vwc_15cm",0.429030584819672
"649",2022-06-17,"soil_vwc_15cm",0.296637771213115
"650",2022-06-17,"soil_vwc_15cm",0.353948978770492
"651",2022-06-17,"soil_vwc_15cm",0.321949708786885
"652",2022-06-17,"soil_vwc_15cm",0.309253296655738
"653",2022-06-17,"soil_vwc_15cm",0.363095597180328
"654",2022-06-17,"soil_vwc_15cm",0.323375400262295
"655",2022-06-17,"soil_vwc_15cm",0.394623918409836
"656",2022-06-17,"soil_vwc_15cm",0.305301676688525
"657",2022-06-17,"soil_vwc_15cm",0.331626351213115
"658",2022-06-17,"soil_vwc_15cm",0.356568511983607
"659",2022-06-17,"soil_vwc_15cm",0.386402218934426
"660",2022-06-17,"soil_vwc_15cm",0.297344893836066
"661",2022-06-17,"wx_par_den15",805.389606557377
"662",2022-06-17,"wx_tempavg15",30.5826229508197
"663",2022-06-17,"wx_windspeed15",0.989350145737705
"664",2022-06-18,"soil_vwc_15cm",0.378433862672131
"665",2022-06-18,"soil_vwc_15cm",0.293116656655738
"666",2022-06-18,"soil_vwc_15cm",0.315735423606557
"667",2022-06-18,"soil_vwc_15cm",NA
"668",2022-06-18,"soil_vwc_15cm",0.361595886754098
"669",2022-06-18,"soil_vwc_15cm",0.31874654504918
"670",2022-06-18,"soil_vwc_15cm",0.305101304081967
"671",2022-06-18,"soil_vwc_15cm",0.352696697672131
"672",2022-06-18,"soil_vwc_15cm",NA
"673",2022-06-18,"soil_vwc_15cm",0.388310305393443
"674",2022-06-18,"soil_vwc_15cm",0.345296010803279
"675",2022-06-18,"soil_vwc_15cm",0.366542692786885
"676",2022-06-18,"soil_vwc_15cm",0.270518683688525
"677",2022-06-18,"soil_vwc_15cm",NA
"678",2022-06-18,"soil_vwc_15cm",0.27639625895082
"679",2022-06-18,"soil_vwc_15cm",0.344883183459016
"680",2022-06-18,"soil_vwc_15cm",0.324830724754098
"681",2022-06-18,"soil_vwc_15cm",0.272879214163934
"682",2022-06-18,"soil_vwc_15cm",0.292512677278689
"683",2022-06-18,"soil_vwc_15cm",NA
"684",2022-06-18,"soil_vwc_15cm",0.399921487786885
"685",2022-06-18,"soil_vwc_15cm",0.285732757590164
"686",2022-06-18,"soil_vwc_15cm",0.84234833642623
"687",2022-06-18,"soil_vwc_15cm",0.425567718852459
"688",2022-06-18,"soil_vwc_15cm",0.289864019770492
"689",2022-06-18,"soil_vwc_15cm",0.348404679557377
"690",2022-06-18,"soil_vwc_15cm",0.315379700229508
"691",2022-06-18,"soil_vwc_15cm",0.296607247934426
"692",2022-06-18,"soil_vwc_15cm",0.357581757655738
"693",2022-06-18,"soil_vwc_15cm",0.315710877803279
"694",2022-06-18,"soil_vwc_15cm",0.390248851540984
"695",2022-06-18,"soil_vwc_15cm",0.297286072934426
"696",2022-06-18,"soil_vwc_15cm",0.325537338655738
"697",2022-06-18,"soil_vwc_15cm",0.353006191
"698",2022-06-18,"soil_vwc_15cm",0.381048308672131
"699",2022-06-18,"soil_vwc_15cm",0.289065263721311
"700",2022-06-18,"wx_par_den15",789.326065573771
"701",2022-06-18,"wx_tempavg15",22.0170491803279
"702",2022-06-18,"wx_windspeed15",2.86698535377049
"703",2022-06-19,"soil_vwc_15cm",0.374134022967213
"704",2022-06-19,"soil_vwc_15cm",0.28539761305
"705",2022-06-19,"soil_vwc_15cm",0.308705721754098
"706",2022-06-19,"soil_vwc_15cm",NA
"707",2022-06-19,"soil_vwc_15cm",NA
"708",2022-06-19,"soil_vwc_15cm",0.31509252704918
"709",2022-06-19,"soil_vwc_15cm",0.297584755934426
"710",2022-06-19,"soil_vwc_15cm",0.347525736311475
"711",2022-06-19,"soil_vwc_15cm",0.307659663557377
"712",2022-06-19,"soil_vwc_15cm",0.380430530229508
"713",2022-06-19,"soil_vwc_15cm",NA
"714",2022-06-19,"soil_vwc_15cm",NA
"715",2022-06-19,"soil_vwc_15cm",0.263410702344262
"716",2022-06-19,"soil_vwc_15cm",0.352270834344262
"717",2022-06-19,"soil_vwc_15cm",0.2696382058
"718",2022-06-19,"soil_vwc_15cm",0.340813095016393
"719",2022-06-19,"soil_vwc_15cm",0.31733419585
"720",2022-06-19,"soil_vwc_15cm",0.26127437065
"721",2022-06-19,"soil_vwc_15cm",0.28812273985
"722",2022-06-19,"soil_vwc_15cm",0.390966720901639
"723",2022-06-19,"soil_vwc_15cm",0.394736091459016
"724",2022-06-19,"soil_vwc_15cm",0.279296097606557
"725",2022-06-19,"soil_vwc_15cm",0.843128142606557
"726",2022-06-19,"soil_vwc_15cm",0.421285239262295
"727",2022-06-19,"soil_vwc_15cm",0.284013533918033
"728",2022-06-19,"soil_vwc_15cm",0.344045001508197
"729",2022-06-19,"soil_vwc_15cm",0.309644821295082
"730",2022-06-19,"soil_vwc_15cm",0.27860057065
"731",2022-06-19,"soil_vwc_15cm",0.352986796
"732",2022-06-19,"soil_vwc_15cm",0.309968940360656
"733",2022-06-19,"soil_vwc_15cm",0.386115300114754
"734",2022-06-19,"soil_vwc_15cm",0.2901384622
"735",2022-06-19,"soil_vwc_15cm",0.319319873967213
"736",2022-06-19,"soil_vwc_15cm",0.35062626552459
"737",2022-06-19,"soil_vwc_15cm",0.377198115016393
"738",2022-06-19,"soil_vwc_15cm",0.282473570918033
"739",2022-06-19,"wx_par_den15",928.552475409836
"740",2022-06-19,"wx_tempavg15",20.7224590163934
"741",2022-06-19,"wx_windspeed15",2.39923616622951
"742",2022-06-20,"soil_vwc_15cm",0.369259137409836
"743",2022-06-20,"soil_vwc_15cm",0.277543934229508
"744",2022-06-20,"soil_vwc_15cm",NA
"745",2022-06-20,"soil_vwc_15cm",0.374438111131148
"746",2022-06-20,"soil_vwc_15cm",NA
"747",2022-06-20,"soil_vwc_15cm",0.312183785770492
"748",2022-06-20,"soil_vwc_15cm",0.292743891114754
"749",2022-06-20,"soil_vwc_15cm",0.341294154606557
"750",2022-06-20,"soil_vwc_15cm",0.299310211442623
"751",2022-06-20,"soil_vwc_15cm",0.369725825622951
"752",2022-06-20,"soil_vwc_15cm",0.32144066952459
"753",2022-06-20,"soil_vwc_15cm",0.35384437295082
"754",2022-06-20,"soil_vwc_15cm",0.255467337016393
"755",2022-06-20,"soil_vwc_15cm",0.346260673590164
"756",2022-06-20,"soil_vwc_15cm",0.264230570327869
"757",2022-06-20,"soil_vwc_15cm",0.335818087639344
"758",2022-06-20,"soil_vwc_15cm",0.31208096047541
"759",2022-06-20,"soil_vwc_15cm",0.252058713459016
"760",2022-06-20,"soil_vwc_15cm",NA
"761",2022-06-20,"soil_vwc_15cm",0.383580914131148
"762",2022-06-20,"soil_vwc_15cm",0.388110441508197
"763",2022-06-20,"soil_vwc_15cm",0.273232648295082
"764",2022-06-20,"soil_vwc_15cm",0.843591651311475
"765",2022-06-20,"soil_vwc_15cm",0.41653079347541
"766",2022-06-20,"soil_vwc_15cm",0.276365990032787
"767",2022-06-20,"soil_vwc_15cm",0.339251638540984
"768",2022-06-20,"soil_vwc_15cm",0.303050521295082
"769",2022-06-20,"soil_vwc_15cm",0.264170731983607
"770",2022-06-20,"soil_vwc_15cm",0.348038336622951
"771",2022-06-20,"soil_vwc_15cm",0.303038566344262
"772",2022-06-20,"soil_vwc_15cm",0.38085531252459
"773",2022-06-20,"soil_vwc_15cm",0.283676251688525
"774",2022-06-20,"soil_vwc_15cm",0.312156632770492
"775",2022-06-20,"soil_vwc_15cm",0.347829697295082
"776",2022-06-20,"soil_vwc_15cm",0.371847129901639
"777",2022-06-20,"soil_vwc_15cm",0.274956704819672
"778",2022-06-20,"wx_par_den15",920.587344262295
"779",2022-06-20,"wx_tempavg15",22.2109836065574
"780",2022-06-20,"wx_windspeed15",1.02326451027869
"781",2022-06-21,"soil_vwc_15cm",0.364643954081967
"782",2022-06-21,"soil_vwc_15cm",0.271583310213115
"783",2022-06-21,"soil_vwc_15cm",0.295470255803279
"784",2022-06-21,"soil_vwc_15cm",0.363955781327869
"785",2022-06-21,"soil_vwc_15cm",0.34430203295082
"786",2022-06-21,"soil_vwc_15cm",NA
"787",2022-06-21,"soil_vwc_15cm",0.290046714311475
"788",2022-06-21,"soil_vwc_15cm",0.333962272295082
"789",2022-06-21,"soil_vwc_15cm",0.292643545836066
"790",2022-06-21,"soil_vwc_15cm",0.361065862737705
"791",2022-06-21,"soil_vwc_15cm",0.314236158311475
"792",2022-06-21,"soil_vwc_15cm",0.349560557967213
"793",2022-06-21,"soil_vwc_15cm",0.249907648983607
"794",2022-06-21,"soil_vwc_15cm",NA
"795",2022-06-21,"soil_vwc_15cm",0.260809292327869
"796",2022-06-21,"soil_vwc_15cm",0.331594556131148
"797",2022-06-21,"soil_vwc_15cm",0.309166496081967
"798",2022-06-21,"soil_vwc_15cm",0.245742684016393
"799",2022-06-21,"soil_vwc_15cm",0.277935458868852
"800",2022-06-21,"soil_vwc_15cm",0.374293888639344
"801",2022-06-21,"soil_vwc_15cm",0.382384592377049
"802",2022-06-21,"soil_vwc_15cm",0.269157790590164
"803",2022-06-21,"soil_vwc_15cm",0.843770657622951
"804",2022-06-21,"soil_vwc_15cm",0.411773041
"805",2022-06-21,"soil_vwc_15cm",0.268190520606557
"806",2022-06-21,"soil_vwc_15cm",0.333435809327869
"807",2022-06-21,"soil_vwc_15cm",0.297221338147541
"808",2022-06-21,"soil_vwc_15cm",0.254909778459016
"809",2022-06-21,"soil_vwc_15cm",0.343401787
"810",2022-06-21,"soil_vwc_15cm",0.296011916819672
"811",2022-06-21,"soil_vwc_15cm",0.376203755622951
"812",2022-06-21,"soil_vwc_15cm",0.278637049147541
"813",2022-06-21,"soil_vwc_15cm",0.304680718737705
"814",2022-06-21,"soil_vwc_15cm",0.345240433
"815",2022-06-21,"soil_vwc_15cm",0.366189258655738
"816",2022-06-21,"soil_vwc_15cm",0.26819039342623
"817",2022-06-21,"wx_par_den15",562.239803278689
"818",2022-06-21,"wx_tempavg15",22.7180327868852
"819",2022-06-21,"wx_windspeed15",0.421367846721312
"820",2022-06-22,"soil_vwc_15cm",0.361380061737705
"821",2022-06-22,"soil_vwc_15cm",0.266723749885246
"822",2022-06-22,"soil_vwc_15cm",0.290826584081967
"823",2022-06-22,"soil_vwc_15cm",0.356833619377049
"824",2022-06-22,"soil_vwc_15cm",0.337623158032787
"825",2022-06-22,"soil_vwc_15cm",0.309918259
"826",2022-06-22,"soil_vwc_15cm",0.288014817803279
"827",2022-06-22,"soil_vwc_15cm",0.326505753262295
"828",2022-06-22,"soil_vwc_15cm",0.287257395360656
"829",2022-06-22,"soil_vwc_15cm",NA
"830",2022-06-22,"soil_vwc_15cm",0.310298591770492
"831",2022-06-22,"soil_vwc_15cm",0.34618722695082
"832",2022-06-22,"soil_vwc_15cm",0.245368964622951
"833",2022-06-22,"soil_vwc_15cm",NA
"834",2022-06-22,"soil_vwc_15cm",0.257605174737705
"835",2022-06-22,"soil_vwc_15cm",0.329110915098361
"836",2022-06-22,"soil_vwc_15cm",0.308899163032787
"837",2022-06-22,"soil_vwc_15cm",0.242276066229508
"838",2022-06-22,"soil_vwc_15cm",0.274426235672131
"839",2022-06-22,"soil_vwc_15cm",NA
"840",2022-06-22,"soil_vwc_15cm",0.380088542327869
"841",2022-06-22,"soil_vwc_15cm",0.266154363557377
"842",2022-06-22,"soil_vwc_15cm",0.843424409180328
"843",2022-06-22,"soil_vwc_15cm",0.407739580491803
"844",2022-06-22,"soil_vwc_15cm",0.264433740901639
"845",2022-06-22,"soil_vwc_15cm",0.327781689901639
"846",2022-06-22,"soil_vwc_15cm",0.293234425639344
"847",2022-06-22,"soil_vwc_15cm",0.251860630098361
"848",2022-06-22,"soil_vwc_15cm",0.338909014737705
"849",2022-06-22,"soil_vwc_15cm",0.290405871557377
"850",2022-06-22,"soil_vwc_15cm",0.374361167032787
"851",2022-06-22,"soil_vwc_15cm",0.275253162163934
"852",2022-06-22,"soil_vwc_15cm",0.302360949557377
"853",2022-06-22,"soil_vwc_15cm",0.344609173442623
"854",2022-06-22,"soil_vwc_15cm",0.363325412032787
"855",2022-06-22,"soil_vwc_15cm",0.265574230491803
"856",2022-06-22,"wx_par_den15",506.803409836066
"857",2022-06-22,"wx_tempavg15",23.4895081967213
"858",2022-06-22,"wx_windspeed15",1.02952297840984
"859",2022-06-23,"soil_vwc_15cm",0.398078136114754
"860",2022-06-23,"soil_vwc_15cm",0.295718066672131
"861",2022-06-23,"soil_vwc_15cm",0.338128636245902
"862",2022-06-23,"soil_vwc_15cm",NA
"863",2022-06-23,"soil_vwc_15cm",NA
"864",2022-06-23,"soil_vwc_15cm",0.313802282622951
"865",2022-06-23,"soil_vwc_15cm",NA
"866",2022-06-23,"soil_vwc_15cm",0.368447091016393
"867",2022-06-23,"soil_vwc_15cm",0.339578746344262
"868",2022-06-23,"soil_vwc_15cm",0.400901348622951
"869",2022-06-23,"soil_vwc_15cm",0.340724450327869
"870",2022-06-23,"soil_vwc_15cm",0.394008302032787
"871",2022-06-23,"soil_vwc_15cm",0.252642916295082
"872",2022-06-23,"soil_vwc_15cm",0.370678915
"873",2022-06-23,"soil_vwc_15cm",0.302000711278689
"874",2022-06-23,"soil_vwc_15cm",0.360655388229508
"875",2022-06-23,"soil_vwc_15cm",NA
"876",2022-06-23,"soil_vwc_15cm",NA
"877",2022-06-23,"soil_vwc_15cm",0.316589121557377
"878",2022-06-23,"soil_vwc_15cm",0.39630212642623
"879",2022-06-23,"soil_vwc_15cm",0.422345605245902
"880",2022-06-23,"soil_vwc_15cm",0.282631401704918
"881",2022-06-23,"soil_vwc_15cm",0.843348100983607
"882",2022-06-23,"soil_vwc_15cm",0.456660256688525
"883",2022-06-23,"soil_vwc_15cm",0.310198882393443
"884",2022-06-23,"soil_vwc_15cm",0.407900590786885
"885",2022-06-23,"soil_vwc_15cm",0.340901803295082
"886",2022-06-23,"soil_vwc_15cm",0.371510674344262
"887",2022-06-23,"soil_vwc_15cm",0.375165836967213
"888",2022-06-23,"soil_vwc_15cm",0.342666303163934
"889",2022-06-23,"soil_vwc_15cm",0.421352136114754
"890",2022-06-23,"soil_vwc_15cm",0.331457137786885
"891",2022-06-23,"soil_vwc_15cm",0.363427728606557
"892",2022-06-23,"soil_vwc_15cm",0.367850297327869
"893",2022-06-23,"soil_vwc_15cm",0.393621928196721
"894",2022-06-23,"soil_vwc_15cm",0.320012434442623
"895",2022-06-23,"wx_par_den15",294.294229508197
"896",2022-06-23,"wx_tempavg15",19.6927868852459
"897",2022-06-23,"wx_windspeed15",0.919052515901639
"898",2022-06-24,"soil_vwc_15cm",0.391174533557377
"899",2022-06-24,"soil_vwc_15cm",NA
"900",2022-06-24,"soil_vwc_15cm",0.333141323278689
"901",2022-06-24,"soil_vwc_15cm",NA
"902",2022-06-24,"soil_vwc_15cm",NA
"903",2022-06-24,"soil_vwc_15cm",NA
"904",2022-06-24,"soil_vwc_15cm",0.340950068229508
"905",2022-06-24,"soil_vwc_15cm",0.363729591114754
"906",2022-06-24,"soil_vwc_15cm",NA
"907",2022-06-24,"soil_vwc_15cm",0.398390045868852
"908",2022-06-24,"soil_vwc_15cm",NA
"909",2022-06-24,"soil_vwc_15cm",NA
"910",2022-06-24,"soil_vwc_15cm",NA
"911",2022-06-24,"soil_vwc_15cm",0.366234598442623
"912",2022-06-24,"soil_vwc_15cm",NA
"913",2022-06-24,"soil_vwc_15cm",0.350984023786885
"914",2022-06-24,"soil_vwc_15cm",NA
"915",2022-06-24,"soil_vwc_15cm",NA
"916",2022-06-24,"soil_vwc_15cm",NA
"917",2022-06-24,"soil_vwc_15cm",0.40580472257377
"918",2022-06-24,"soil_vwc_15cm",0.412636976967213
"919",2022-06-24,"soil_vwc_15cm",0.294232282491803
"920",2022-06-24,"soil_vwc_15cm",0.843420339409836
"921",2022-06-24,"soil_vwc_15cm",0.445290526147541
"922",2022-06-24,"soil_vwc_15cm",0.296194166229508
"923",2022-06-24,"soil_vwc_15cm",0.357057838295082
"924",2022-06-24,"soil_vwc_15cm",0.326415900360656
"925",2022-06-24,"soil_vwc_15cm",NA
"926",2022-06-24,"soil_vwc_15cm",NA
"927",2022-06-24,"soil_vwc_15cm",0.328936550868852
"928",2022-06-24,"soil_vwc_15cm",0.400358161442623
"929",2022-06-24,"soil_vwc_15cm",NA
"930",2022-06-24,"soil_vwc_15cm",0.341676013540984
"931",2022-06-24,"soil_vwc_15cm",0.359623955770492
"932",2022-06-24,"soil_vwc_15cm",0.38469971947541
"933",2022-06-24,"soil_vwc_15cm",0.292237713409836
"934",2022-06-24,"wx_par_den15",795.239704918033
"935",2022-06-24,"wx_tempavg15",22.9973770491803
"936",2022-06-24,"wx_windspeed15",0.868087156229508
"937",2022-06-25,"soil_vwc_15cm",0.38649118157377
"938",2022-06-25,"soil_vwc_15cm",0.305928802885246
"939",2022-06-25,"soil_vwc_15cm",0.325108486590164
"940",2022-06-25,"soil_vwc_15cm",0.405893112901639
"941",2022-06-25,"soil_vwc_15cm",0.365154583098361
"942",2022-06-25,"soil_vwc_15cm",0.312008467688525
"943",2022-06-25,"soil_vwc_15cm",0.32017611552459
"944",2022-06-25,"soil_vwc_15cm",NA
"945",2022-06-25,"soil_vwc_15cm",0.330289622377049
"946",2022-06-25,"soil_vwc_15cm",0.392139577885246
"947",2022-06-25,"soil_vwc_15cm",0.320508692081967
"948",2022-06-25,"soil_vwc_15cm",0.37517047904918
"949",2022-06-25,"soil_vwc_15cm",0.252713374196721
"950",2022-06-25,"soil_vwc_15cm",0.358224272672131
"951",2022-06-25,"soil_vwc_15cm",0.290470860704918
"952",2022-06-25,"soil_vwc_15cm",0.346734674672131
"953",2022-06-25,"soil_vwc_15cm",0.342172970672131
"954",2022-06-25,"soil_vwc_15cm",0.288873539377049
"955",2022-06-25,"soil_vwc_15cm",0.298912836508197
"956",2022-06-25,"soil_vwc_15cm",NA
"957",2022-06-25,"soil_vwc_15cm",0.406908393459016
"958",2022-06-25,"soil_vwc_15cm",0.287362319131148
"959",2022-06-25,"soil_vwc_15cm",0.843162417704918
"960",2022-06-25,"soil_vwc_15cm",0.429590241852459
"961",2022-06-25,"soil_vwc_15cm",0.287075909032787
"962",2022-06-25,"soil_vwc_15cm",0.352089284426229
"963",2022-06-25,"soil_vwc_15cm",0.320443893704918
"964",2022-06-25,"soil_vwc_15cm",0.31304263452459
"965",2022-06-25,"soil_vwc_15cm",0.361688283262295
"966",2022-06-25,"soil_vwc_15cm",0.318476604803279
"967",2022-06-25,"soil_vwc_15cm",0.395617387540984
"968",2022-06-25,"soil_vwc_15cm",0.308497336786885
"969",2022-06-25,"soil_vwc_15cm",0.331258927245902
"970",2022-06-25,"soil_vwc_15cm",0.354444282557377
"971",2022-06-25,"soil_vwc_15cm",0.381114060901639
"972",2022-06-25,"soil_vwc_15cm",0.282038677786885
"973",2022-06-25,"wx_par_den15",893.657754098361
"974",2022-06-25,"wx_tempavg15",25.8852459016393
"975",2022-06-25,"wx_windspeed15",1.04806083271475
"976",2022-06-26,"soil_vwc_15cm",0.380985163639344
"977",2022-06-26,"soil_vwc_15cm",0.296131466327869
"978",2022-06-26,"soil_vwc_15cm",0.31678974852459
"979",2022-06-26,"soil_vwc_15cm",0.397859767491803
"980",2022-06-26,"soil_vwc_15cm",0.361065926327869
"981",2022-06-26,"soil_vwc_15cm",0.310947338622951
"982",2022-06-26,"soil_vwc_15cm",0.304289957180328
"983",2022-06-26,"soil_vwc_15cm",0.353841193442623
"984",2022-06-26,"soil_vwc_15cm",NA
"985",2022-06-26,"soil_vwc_15cm",NA
"986",2022-06-26,"soil_vwc_15cm",0.310692342065574
"987",2022-06-26,"soil_vwc_15cm",0.367209117704918
"988",2022-06-26,"soil_vwc_15cm",0.246998844114754
"989",2022-06-26,"soil_vwc_15cm",NA
"990",2022-06-26,"soil_vwc_15cm",0.278150139262295
"991",2022-06-26,"soil_vwc_15cm",NA
"992",2022-06-26,"soil_vwc_15cm",0.328612050262295
"993",2022-06-26,"soil_vwc_15cm",0.274043359295082
"994",2022-06-26,"soil_vwc_15cm",0.294076995311475
"995",2022-06-26,"soil_vwc_15cm",0.39361575995082
"996",2022-06-26,"soil_vwc_15cm",NA
"997",2022-06-26,"soil_vwc_15cm",0.279985287803279
"998",2022-06-26,"soil_vwc_15cm",0.842689116114754
"999",2022-06-26,"soil_vwc_15cm",0.425696997655738
"1000",2022-06-26,"soil_vwc_15cm",0.277150311114754
"1001",2022-06-26,"soil_vwc_15cm",0.345693576508197
"1002",2022-06-26,"soil_vwc_15cm",0.313405289229508
"1003",2022-06-26,"soil_vwc_15cm",0.301514818836066
"1004",2022-06-26,"soil_vwc_15cm",0.356291704
"1005",2022-06-26,"soil_vwc_15cm",0.308204822032787
"1006",2022-06-26,"soil_vwc_15cm",0.391191257770492
"1007",2022-06-26,"soil_vwc_15cm",0.300701818590164
"1008",2022-06-26,"soil_vwc_15cm",0.322951953360656
"1009",2022-06-26,"soil_vwc_15cm",0.351244552688525
"1010",2022-06-26,"soil_vwc_15cm",0.377270162672131
"1011",2022-06-26,"soil_vwc_15cm",0.273491778213115
"1012",2022-06-26,"wx_par_den15",859.341950819672
"1013",2022-06-26,"wx_tempavg15",26.4573770491803
"1014",2022-06-26,"wx_windspeed15",1.34322645737705
"1015",2022-06-27,"soil_vwc_15cm",0.387026356393443
"1016",2022-06-27,"soil_vwc_15cm",0.290023885442623
"1017",2022-06-27,"soil_vwc_15cm",0.320821937229508
"1018",2022-06-27,"soil_vwc_15cm",0.395649945704918
"1019",2022-06-27,"soil_vwc_15cm",0.380704794606557
"1020",2022-06-27,"soil_vwc_15cm",NA
"1021",2022-06-27,"soil_vwc_15cm",NA
"1022",2022-06-27,"soil_vwc_15cm",0.35208896647541
"1023",2022-06-27,"soil_vwc_15cm",0.326661612754098
"1024",2022-06-27,"soil_vwc_15cm",0.397584294901639
"1025",2022-06-27,"soil_vwc_15cm",0.32557568352459
"1026",2022-06-27,"soil_vwc_15cm",0.36944895404918
"1027",2022-06-27,"soil_vwc_15cm",0.248327560590164
"1028",2022-06-27,"soil_vwc_15cm",NA
"1029",2022-06-27,"soil_vwc_15cm",NA
"1030",2022-06-27,"soil_vwc_15cm",0.348827681327869
"1031",2022-06-27,"soil_vwc_15cm",NA
"1032",2022-06-27,"soil_vwc_15cm",0.289783514622951
"1033",2022-06-27,"soil_vwc_15cm",0.302373222459016
"1034",2022-06-27,"soil_vwc_15cm",NA
"1035",2022-06-27,"soil_vwc_15cm",0.406866614721311
"1036",2022-06-27,"soil_vwc_15cm",0.279919662754098
"1037",2022-06-27,"soil_vwc_15cm",NA
"1038",2022-06-27,"soil_vwc_15cm",0.44006017157377
"1039",2022-06-27,"soil_vwc_15cm",0.286085555819672
"1040",2022-06-27,"soil_vwc_15cm",0.353340993213115
"1041",2022-06-27,"soil_vwc_15cm",0.319083509327869
"1042",2022-06-27,"soil_vwc_15cm",0.32571113057377
"1043",2022-06-27,"soil_vwc_15cm",0.362271723016393
"1044",2022-06-27,"soil_vwc_15cm",0.318291938967213
"1045",2022-06-27,"soil_vwc_15cm",0.397679298606557
"1046",2022-06-27,"soil_vwc_15cm",0.312634957983607
"1047",2022-06-27,"soil_vwc_15cm",0.335548783295082
"1048",2022-06-27,"soil_vwc_15cm",0.357199771540984
"1049",2022-06-27,"soil_vwc_15cm",0.381160608901639
"1050",2022-06-27,"soil_vwc_15cm",0.291285259934426
"1051",2022-06-27,"wx_par_den15",465.306901639344
"1052",2022-06-27,"wx_tempavg15",24.3967213114754
"1053",2022-06-27,"wx_windspeed15",0.662158643606557
"1054",2022-06-28,"soil_vwc_15cm",0.388582471295082
"1055",2022-06-28,"soil_vwc_15cm",0.284580376639344
"1056",2022-06-28,"soil_vwc_15cm",0.326244206918033
"1057",2022-06-28,"soil_vwc_15cm",0.395870222032787
"1058",2022-06-28,"soil_vwc_15cm",0.369279359081967
"1059",2022-06-28,"soil_vwc_15cm",0.310579533114754
"1060",2022-06-28,"soil_vwc_15cm",0.302211194721311
"1061",2022-06-28,"soil_vwc_15cm",0.351996379196721
"1062",2022-06-28,"soil_vwc_15cm",0.332079367540984
"1063",2022-06-28,"soil_vwc_15cm",0.399090682295082
"1064",2022-06-28,"soil_vwc_15cm",NA
"1065",2022-06-28,"soil_vwc_15cm",NA
"1066",2022-06-28,"soil_vwc_15cm",0.246950324819672
"1067",2022-06-28,"soil_vwc_15cm",NA
"1068",2022-06-28,"soil_vwc_15cm",0.283651578704918
"1069",2022-06-28,"soil_vwc_15cm",0.347978180327869
"1070",2022-06-28,"soil_vwc_15cm",0.327901239409836
"1071",2022-06-28,"soil_vwc_15cm",0.293121107967213
"1072",2022-06-28,"soil_vwc_15cm",0.298404433147541
"1073",2022-06-28,"soil_vwc_15cm",0.400677956377049
"1074",2022-06-28,"soil_vwc_15cm",0.405486835344262
"1075",2022-06-28,"soil_vwc_15cm",0.283970928508197
"1076",2022-06-28,"soil_vwc_15cm",0.842649817393443
"1077",2022-06-28,"soil_vwc_15cm",0.438940475967213
"1078",2022-06-28,"soil_vwc_15cm",0.284552651327869
"1079",2022-06-28,"soil_vwc_15cm",0.348914291131148
"1080",2022-06-28,"soil_vwc_15cm",0.316295335
"1081",2022-06-28,"soil_vwc_15cm",0.317459925262295
"1082",2022-06-28,"soil_vwc_15cm",0.365374477885246
"1083",2022-06-28,"soil_vwc_15cm",0.318829530213115
"1084",2022-06-28,"soil_vwc_15cm",0.397261129688525
"1085",2022-06-28,"soil_vwc_15cm",0.31342341242623
"1086",2022-06-28,"soil_vwc_15cm",0.330859517426229
"1087",2022-06-28,"soil_vwc_15cm",0.357327969311475
"1088",2022-06-28,"soil_vwc_15cm",0.381233038098361
"1089",2022-06-28,"soil_vwc_15cm",0.282590131688525
"1090",2022-06-28,"wx_par_den15",902.431409836066
"1091",2022-06-28,"wx_tempavg15",22.597868852459
"1092",2022-06-28,"wx_windspeed15",1.3400579647541
"1093",2022-06-29,"soil_vwc_15cm",0.382651734655738
"1094",2022-06-29,"soil_vwc_15cm",0.277483014852459
"1095",2022-06-29,"soil_vwc_15cm",0.318863105819672
"1096",2022-06-29,"soil_vwc_15cm",NA
"1097",2022-06-29,"soil_vwc_15cm",0.363540919098361
"1098",2022-06-29,"soil_vwc_15cm",0.308625534557377
"1099",2022-06-29,"soil_vwc_15cm",NA
"1100",2022-06-29,"soil_vwc_15cm",0.345538289327869
"1101",2022-06-29,"soil_vwc_15cm",0.322995766983607
"1102",2022-06-29,"soil_vwc_15cm",NA
"1103",2022-06-29,"soil_vwc_15cm",NA
"1104",2022-06-29,"soil_vwc_15cm",NA
"1105",2022-06-29,"soil_vwc_15cm",0.241989974081967
"1106",2022-06-29,"soil_vwc_15cm",0.350155507540984
"1107",2022-06-29,"soil_vwc_15cm",NA
"1108",2022-06-29,"soil_vwc_15cm",0.342843083819672
"1109",2022-06-29,"soil_vwc_15cm",NA
"1110",2022-06-29,"soil_vwc_15cm",NA
"1111",2022-06-29,"soil_vwc_15cm",NA
"1112",2022-06-29,"soil_vwc_15cm",0.394513971016393
"1113",2022-06-29,"soil_vwc_15cm",0.397406115262295
"1114",2022-06-29,"soil_vwc_15cm",0.278194843147541
"1115",2022-06-29,"soil_vwc_15cm",0.842998990983607
"1116",2022-06-29,"soil_vwc_15cm",0.428139305081967
"1117",2022-06-29,"soil_vwc_15cm",0.272534809836066
"1118",2022-06-29,"soil_vwc_15cm",0.341295744360656
"1119",2022-06-29,"soil_vwc_15cm",0.308105875737705
"1120",2022-06-29,"soil_vwc_15cm",NA
"1121",2022-06-29,"soil_vwc_15cm",NA
"1122",2022-06-29,"soil_vwc_15cm",0.306935180819672
"1123",2022-06-29,"soil_vwc_15cm",0.392397372409836
"1124",2022-06-29,"soil_vwc_15cm",0.303717073393443
"1125",2022-06-29,"soil_vwc_15cm",0.319411125852459
"1126",2022-06-29,"soil_vwc_15cm",0.352749032377049
"1127",2022-06-29,"soil_vwc_15cm",0.376817082754098
"1128",2022-06-29,"soil_vwc_15cm",0.270015494721311
"1129",2022-06-29,"wx_par_den15",861.161557377049
"1130",2022-06-29,"wx_tempavg15",24.9301639344262
"1131",2022-06-29,"wx_windspeed15",1.11466873442623
"1132",2022-06-30,"soil_vwc_15cm",0.376963340131148
"1133",2022-06-30,"soil_vwc_15cm",0.269665876
"1134",2022-06-30,"soil_vwc_15cm",0.309430713213115
"1135",2022-06-30,"soil_vwc_15cm",NA
"1136",2022-06-30,"soil_vwc_15cm",NA
"1137",2022-06-30,"soil_vwc_15cm",0.30729427447541
"1138",2022-06-30,"soil_vwc_15cm",0.286395239918033
"1139",2022-06-30,"soil_vwc_15cm",0.337202699868852
"1140",2022-06-30,"soil_vwc_15cm",0.312940635901639
"1141",2022-06-30,"soil_vwc_15cm",0.383370875819672
"1142",2022-06-30,"soil_vwc_15cm",0.3054239203
"1143",2022-06-30,"soil_vwc_15cm",0.3580671223
"1144",2022-06-30,"soil_vwc_15cm",0.236431748622951
"1145",2022-06-30,"soil_vwc_15cm",0.340698950672131
"1146",2022-06-30,"soil_vwc_15cm",0.2656712818
"1147",2022-06-30,"soil_vwc_15cm",0.335909466704918
"1148",2022-06-30,"soil_vwc_15cm",0.31184541085
"1149",2022-06-30,"soil_vwc_15cm",0.26191039735
"1150",2022-06-30,"soil_vwc_15cm",0.285145672
"1151",2022-06-30,"soil_vwc_15cm",0.38770918757377
"1152",2022-06-30,"soil_vwc_15cm",0.390105201360656
"1153",2022-06-30,"soil_vwc_15cm",0.272149834983607
"1154",2022-06-30,"soil_vwc_15cm",0.842571983032787
"1155",2022-06-30,"soil_vwc_15cm",0.423942227081967
"1156",2022-06-30,"soil_vwc_15cm",0.26188879895082
"1157",2022-06-30,"soil_vwc_15cm",0.334878670147541
"1158",2022-06-30,"soil_vwc_15cm",0.300908677393443
"1159",2022-06-30,"soil_vwc_15cm",0.29014654345
"1160",2022-06-30,"soil_vwc_15cm",0.35365547095
"1161",2022-06-30,"soil_vwc_15cm",0.296894293934426
"1162",2022-06-30,"soil_vwc_15cm",0.387616918245902
"1163",2022-06-30,"soil_vwc_15cm",0.29472428065
"1164",2022-06-30,"soil_vwc_15cm",0.308598254377049
"1165",2022-06-30,"soil_vwc_15cm",0.349387338360656
"1166",2022-06-30,"soil_vwc_15cm",0.371592387704918
"1167",2022-06-30,"soil_vwc_15cm",0.260032792836066
"1168",2022-06-30,"wx_par_den15",907.502754098361
"1169",2022-06-30,"wx_tempavg15",27.3101639344262
"1170",2022-06-30,"wx_windspeed15",0.800263636557377
