"","day","Sensor_ID","sapflow_2.5cm","soil_vwc_15cm","wx_par_den15","wx_tempavg15","wx_windspeed15"
"1",2022-06-01,"C1",0.522934426229508,NA,NA,NA,NA
"2",2022-06-01,"C10",0.682459016393443,NA,NA,NA,NA
"3",2022-06-01,"C11",0.403426229508197,NA,NA,NA,NA
"4",2022-06-01,"C12",0.00039344262295082,NA,NA,NA,NA
"5",2022-06-01,"C13",0.453196721311475,NA,NA,NA,NA
"6",2022-06-01,"C14",0.467180327868852,NA,NA,NA,NA
"7",2022-06-01,"C15",0.322360655737705,NA,NA,NA,NA
"8",2022-06-01,"C16",4.82450819672131,NA,NA,NA,NA
"9",2022-06-01,"C17",-0.00254098360655738,NA,NA,NA,NA
"10",2022-06-01,"C18",0.35816393442623,NA,NA,NA,NA
"11",2022-06-01,"C2",0.611344262295082,NA,NA,NA,NA
"12",2022-06-01,"C3",0.31544262295082,NA,NA,NA,NA
"13",2022-06-01,"C4",0.371180327868852,NA,NA,NA,NA
"14",2022-06-01,"C5",0.00659016393442623,NA,NA,NA,NA
"15",2022-06-01,"C6",0.574360655737705,NA,NA,NA,NA
"16",2022-06-01,"C7",0.594672131147541,NA,NA,NA,NA
"17",2022-06-01,"C8",0.846606557377049,NA,NA,NA,NA
"18",2022-06-01,"C9",0.38283606557377,NA,NA,NA,NA
"19",2022-06-01,"T019",NA,NA,NA,NA,NA
"20",2022-06-01,"T034",NA,0.318909335868852,NA,NA,NA
"21",2022-06-01,"T035",NA,0.319128022442623,NA,NA,NA
"22",2022-06-01,"T037",NA,0.406960346622951,NA,NA,NA
"23",2022-06-01,"T039",NA,NA,NA,NA,NA
"24",2022-06-01,"T055",NA,0.35968373052459,NA,NA,NA
"25",2022-06-01,"T056",NA,0.332907565836066,NA,NA,NA
"26",2022-06-01,"T057",NA,0.362757106737705,NA,NA,NA
"27",2022-06-01,"T058",NA,0.331839123901639,NA,NA,NA
"28",2022-06-01,"T060",NA,0.393573917622951,NA,NA,NA
"29",2022-06-01,"T062",NA,0.370111054836066,NA,NA,NA
"30",2022-06-01,"T074",NA,NA,NA,NA,NA
"31",2022-06-01,"T103",NA,0.303474667688525,NA,NA,NA
"32",2022-06-01,"T110",NA,0.373387474442623,NA,NA,NA
"33",2022-06-01,"T112",NA,0.296719611754098,NA,NA,NA
"34",2022-06-01,"T113",NA,0.349231478868852,NA,NA,NA
"35",2022-06-01,"T114",NA,0.343091721360656,NA,NA,NA
"36",2022-06-01,"T115",NA,0.29343670595082,NA,NA,NA
"37",2022-06-01,"T116",NA,0.300589709131148,NA,NA,NA
"38",2022-06-01,"T129",NA,0.401955292,NA,NA,NA
"39",2022-06-01,"T132",NA,0.404623916819672,NA,NA,NA
"40",2022-06-01,"T135",NA,0.301410785327869,NA,NA,NA
"41",2022-06-01,"T160",NA,0.843218059098361,NA,NA,NA
"42",2022-06-01,"T162",NA,0.425775149967213,NA,NA,NA
"43",2022-06-01,"T166",NA,0.301918362016393,NA,NA,NA
"44",2022-06-01,"T175",NA,0.357171092377049,NA,NA,NA
"45",2022-06-01,"T179",NA,0.333728896393443,NA,NA,NA
"46",2022-06-01,"T180",NA,0.327219489262295,NA,NA,NA
"47",2022-06-01,"T181",NA,0.364654064918033,NA,NA,NA
"48",2022-06-01,"T182",NA,0.331525560803279,NA,NA,NA
"49",2022-06-01,"T184",NA,0.396358340131148,NA,NA,NA
"50",2022-06-01,"T185",NA,0.307106810672131,NA,NA,NA
"51",2022-06-01,"T186",NA,0.340142981868852,NA,NA,NA
"52",2022-06-01,"T187",NA,0.35256964452459,NA,NA,NA
"53",2022-06-01,"T189",NA,0.382708329901639,NA,NA,NA
"54",2022-06-01,"T190",NA,0.321923700409836,NA,NA,NA
"55",2022-06-01,NA,NA,NA,815.278163934426,29.6977049180328,0.76359304895082
"56",2022-06-02,"C1",0.523508196721311,NA,NA,NA,NA
"57",2022-06-02,"C10",0.731934426229508,NA,NA,NA,NA
"58",2022-06-02,"C11",0.426819672131148,NA,NA,NA,NA
"59",2022-06-02,"C12",-0.00127868852459016,NA,NA,NA,NA
"60",2022-06-02,"C13",0.46972131147541,NA,NA,NA,NA
"61",2022-06-02,"C14",0.504737704918033,NA,NA,NA,NA
"62",2022-06-02,"C15",0.362,NA,NA,NA,NA
"63",2022-06-02,"C16",5.32788524590164,NA,NA,NA,NA
"64",2022-06-02,"C17",-0.000475409836065574,NA,NA,NA,NA
"65",2022-06-02,"C18",0.390016393442623,NA,NA,NA,NA
"66",2022-06-02,"C2",0.646081967213115,NA,NA,NA,NA
"67",2022-06-02,"C3",0.387852459016393,NA,NA,NA,NA
"68",2022-06-02,"C4",0.377245901639344,NA,NA,NA,NA
"69",2022-06-02,"C5",0.00555737704918033,NA,NA,NA,NA
"70",2022-06-02,"C6",0.627967213114754,NA,NA,NA,NA
"71",2022-06-02,"C7",0.628918032786885,NA,NA,NA,NA
"72",2022-06-02,"C8",0.837622950819672,NA,NA,NA,NA
"73",2022-06-02,"C9",0.402967213114754,NA,NA,NA,NA
"74",2022-06-02,"T019",NA,NA,NA,NA,NA
"75",2022-06-02,"T034",NA,0.313805271360656,NA,NA,NA
"76",2022-06-02,"T035",NA,0.316873814721311,NA,NA,NA
"77",2022-06-02,"T037",NA,0.406759719655738,NA,NA,NA
"78",2022-06-02,"T039",NA,NA,NA,NA,NA
"79",2022-06-02,"T055",NA,NA,NA,NA,NA
"80",2022-06-02,"T056",NA,0.337747286032787,NA,NA,NA
"81",2022-06-02,"T057",NA,0.360891625688525,NA,NA,NA
"82",2022-06-02,"T058",NA,NA,NA,NA,NA
"83",2022-06-02,"T060",NA,NA,NA,NA,NA
"84",2022-06-02,"T062",NA,0.370238998245902,NA,NA,NA
"85",2022-06-02,"T074",NA,0.378819091885246,NA,NA,NA
"86",2022-06-02,"T103",NA,0.300401736606557,NA,NA,NA
"87",2022-06-02,"T110",NA,0.377829310983607,NA,NA,NA
"88",2022-06-02,"T112",NA,0.291423695721311,NA,NA,NA
"89",2022-06-02,"T113",NA,0.351081825459016,NA,NA,NA
"90",2022-06-02,"T114",NA,0.354618519606557,NA,NA,NA
"91",2022-06-02,"T115",NA,0.301024538672131,NA,NA,NA
"92",2022-06-02,"T116",NA,0.299554270491803,NA,NA,NA
"93",2022-06-02,"T129",NA,NA,NA,NA,NA
"94",2022-06-02,"T132",NA,0.407830959557377,NA,NA,NA
"95",2022-06-02,"T135",NA,0.315708143426229,NA,NA,NA
"96",2022-06-02,"T160",NA,0.84292242842623,NA,NA,NA
"97",2022-06-02,"T162",NA,0.43078160357377,NA,NA,NA
"98",2022-06-02,"T166",NA,0.305840857688525,NA,NA,NA
"99",2022-06-02,"T175",NA,0.36602379704918,NA,NA,NA
"100",2022-06-02,"T179",NA,0.339336658590164,NA,NA,NA
"101",2022-06-02,"T180",NA,0.340728520098361,NA,NA,NA
"102",2022-06-02,"T181",NA,0.366708281573771,NA,NA,NA
"103",2022-06-02,"T182",NA,0.336971358852459,NA,NA,NA
"104",2022-06-02,"T184",NA,0.400124912721311,NA,NA,NA
"105",2022-06-02,"T185",NA,0.30979591152459,NA,NA,NA
"106",2022-06-02,"T186",NA,0.346798137655738,NA,NA,NA
"107",2022-06-02,"T187",NA,0.359221048491803,NA,NA,NA
"108",2022-06-02,"T189",NA,0.386633305590164,NA,NA,NA
"109",2022-06-02,"T190",NA,0.324676772967213,NA,NA,NA
"110",2022-06-02,NA,NA,NA,588.536721311475,22.9396721311475,1.06886751442623
"111",2022-06-03,"C1",0.502573770491803,NA,NA,NA,NA
"112",2022-06-03,"C10",0.707533333333333,NA,NA,NA,NA
"113",2022-06-03,"C11",0.413766666666667,NA,NA,NA,NA
"114",2022-06-03,"C12",0.00160655737704918,NA,NA,NA,NA
"115",2022-06-03,"C13",0.455672131147541,NA,NA,NA,NA
"116",2022-06-03,"C14",0.473409836065574,NA,NA,NA,NA
"117",2022-06-03,"C15",0.327491803278689,NA,NA,NA,NA
"118",2022-06-03,"C16",1.4624,NA,NA,NA,NA
"119",2022-06-03,"C17",0.000311475409836066,NA,NA,NA,NA
"120",2022-06-03,"C18",0.37875,NA,NA,NA,NA
"121",2022-06-03,"C2",0.619983606557377,NA,NA,NA,NA
"122",2022-06-03,"C3",0.345081967213115,NA,NA,NA,NA
"123",2022-06-03,"C4",0.359475409836066,NA,NA,NA,NA
"124",2022-06-03,"C5",-0.000229508196721312,NA,NA,NA,NA
"125",2022-06-03,"C6",0.574475409836066,NA,NA,NA,NA
"126",2022-06-03,"C7",0.5885,NA,NA,NA,NA
"127",2022-06-03,"C8",0.621166666666667,NA,NA,NA,NA
"128",2022-06-03,"C9",0.372229508196721,NA,NA,NA,NA
"129",2022-06-03,"T019",NA,NA,NA,NA,NA
"130",2022-06-03,"T034",NA,0.314634932229508,NA,NA,NA
"131",2022-06-03,"T035",NA,0.332626942442623,NA,NA,NA
"132",2022-06-03,"T037",NA,0.41584179404918,NA,NA,NA
"133",2022-06-03,"T039",NA,0.378129647327869,NA,NA,NA
"134",2022-06-03,"T055",NA,NA,NA,NA,NA
"135",2022-06-03,"T056",NA,NA,NA,NA,NA
"136",2022-06-03,"T057",NA,0.369356748311475,NA,NA,NA
"137",2022-06-03,"T058",NA,NA,NA,NA,NA
"138",2022-06-03,"T060",NA,NA,NA,NA,NA
"139",2022-06-03,"T062",NA,0.379100605540984,NA,NA,NA
"140",2022-06-03,"T074",NA,0.393387598442623,NA,NA,NA
"141",2022-06-03,"T103",NA,0.31134961,NA,NA,NA
"142",2022-06-03,"T110",NA,0.388702465934426,NA,NA,NA
"143",2022-06-03,"T112",NA,0.300295604622951,NA,NA,NA
"144",2022-06-03,"T113",NA,0.357232647655738,NA,NA,NA
"145",2022-06-03,"T114",NA,0.381236599147541,NA,NA,NA
"146",2022-06-03,"T115",NA,0.319694292852459,NA,NA,NA
"147",2022-06-03,"T116",NA,0.306737224639344,NA,NA,NA
"148",2022-06-03,"T129",NA,NA,NA,NA,NA
"149",2022-06-03,"T132",NA,NA,NA,NA,NA
"150",2022-06-03,"T135",NA,NA,NA,NA,NA
"151",2022-06-03,"T160",NA,NA,NA,NA,NA
"152",2022-06-03,"T162",NA,NA,NA,NA,NA
"153",2022-06-03,"T166",NA,0.312109894,NA,NA,NA
"154",2022-06-03,"T175",NA,0.370649218393443,NA,NA,NA
"155",2022-06-03,"T179",NA,NA,NA,NA,NA
"156",2022-06-03,"T180",NA,0.345294103098361,NA,NA,NA
"157",2022-06-03,"T181",NA,0.377394672213115,NA,NA,NA
"158",2022-06-03,"T182",NA,0.345302624180328,NA,NA,NA
"159",2022-06-03,"T184",NA,0.407802471163934,NA,NA,NA
"160",2022-06-03,"T185",NA,0.32661493757377,NA,NA,NA
"161",2022-06-03,"T186",NA,0.352408061918033,NA,NA,NA
"162",2022-06-03,"T187",NA,NA,NA,NA,NA
"163",2022-06-03,"T189",NA,0.391961843377049,NA,NA,NA
"164",2022-06-03,"T190",NA,0.327787095065574,NA,NA,NA
"165",2022-06-03,NA,NA,NA,723.785737704918,22.5203278688525,1.61357083934426
"166",2022-06-04,"C1",0.526098360655738,NA,NA,NA,NA
"167",2022-06-04,"C10",0.698213114754098,NA,NA,NA,NA
"168",2022-06-04,"C11",0.406540983606557,NA,NA,NA,NA
"169",2022-06-04,"C12",0.000163934426229508,NA,NA,NA,NA
"170",2022-06-04,"C13",0.449409836065574,NA,NA,NA,NA
"171",2022-06-04,"C14",0.473524590163934,NA,NA,NA,NA
"172",2022-06-04,"C15",0.327213114754098,NA,NA,NA,NA
"173",2022-06-04,"C16",0.464213114754098,NA,NA,NA,NA
"174",2022-06-04,"C17",-0.00188524590163934,NA,NA,NA,NA
"175",2022-06-04,"C18",0.365229508196721,NA,NA,NA,NA
"176",2022-06-04,"C2",0.616081967213115,NA,NA,NA,NA
"177",2022-06-04,"C3",0.328983606557377,NA,NA,NA,NA
"178",2022-06-04,"C4",0.364459016393443,NA,NA,NA,NA
"179",2022-06-04,"C5",-0.004,NA,NA,NA,NA
"180",2022-06-04,"C6",0.566459016393443,NA,NA,NA,NA
"181",2022-06-04,"C7",0.600950819672131,NA,NA,NA,NA
"182",2022-06-04,"C9",0.381114754098361,NA,NA,NA,NA
"183",2022-06-04,"T019",NA,NA,NA,NA,NA
"184",2022-06-04,"T034",NA,0.311809621245902,NA,NA,NA
"185",2022-06-04,"T035",NA,NA,NA,NA,NA
"186",2022-06-04,"T037",NA,NA,NA,NA,NA
"187",2022-06-04,"T039",NA,0.369081848032787,NA,NA,NA
"188",2022-06-04,"T055",NA,0.340233597852459,NA,NA,NA
"189",2022-06-04,"T056",NA,NA,NA,NA,NA
"190",2022-06-04,"T057",NA,0.365355528016393,NA,NA,NA
"191",2022-06-04,"T058",NA,0.340493045721311,NA,NA,NA
"192",2022-06-04,"T060",NA,0.401381263590164,NA,NA,NA
"193",2022-06-04,"T062",NA,0.371107258344262,NA,NA,NA
"194",2022-06-04,"T074",NA,0.38564587752459,NA,NA,NA
"195",2022-06-04,"T103",NA,0.306578885131148,NA,NA,NA
"196",2022-06-04,"T110",NA,0.380960109114754,NA,NA,NA
"197",2022-06-04,"T112",NA,0.296452087934426,NA,NA,NA
"198",2022-06-04,"T113",NA,0.353022088540984,NA,NA,NA
"199",2022-06-04,"T114",NA,0.365441692688525,NA,NA,NA
"200",2022-06-04,"T115",NA,0.307900924639344,NA,NA,NA
"201",2022-06-04,"T116",NA,0.303526175721311,NA,NA,NA
"202",2022-06-04,"T129",NA,0.409211629196721,NA,NA,NA
"203",2022-06-04,"T132",NA,0.409324374557377,NA,NA,NA
"204",2022-06-04,"T135",NA,0.320344947409836,NA,NA,NA
"205",2022-06-04,"T160",NA,0.843489016786885,NA,NA,NA
"206",2022-06-04,"T162",NA,0.437312249819672,NA,NA,NA
"207",2022-06-04,"T166",NA,0.305884607721311,NA,NA,NA
"208",2022-06-04,"T175",NA,0.363551602245902,NA,NA,NA
"209",2022-06-04,"T179",NA,0.335468341737705,NA,NA,NA
"210",2022-06-04,"T180",NA,0.332001342409836,NA,NA,NA
"211",2022-06-04,"T181",NA,0.372794496163934,NA,NA,NA
"212",2022-06-04,"T182",NA,0.337655461836066,NA,NA,NA
"213",2022-06-04,"T184",NA,0.401123214704918,NA,NA,NA
"214",2022-06-04,"T185",NA,0.317219999573771,NA,NA,NA
"215",2022-06-04,"T186",NA,0.345262117245902,NA,NA,NA
"216",2022-06-04,"T187",NA,0.355484681229508,NA,NA,NA
"217",2022-06-04,"T189",NA,0.388603646819672,NA,NA,NA
"218",2022-06-04,"T190",NA,0.320354358754098,NA,NA,NA
"219",2022-06-04,NA,NA,NA,849.893606557377,23.9770491803279,0.856423549216393
"220",2022-06-05,"C1",0.51472131147541,NA,NA,NA,NA
"221",2022-06-05,"C10",0.702032786885246,NA,NA,NA,NA
"222",2022-06-05,"C11",0.406131147540984,NA,NA,NA,NA
"223",2022-06-05,"C12",-0.00139344262295082,NA,NA,NA,NA
"224",2022-06-05,"C13",0.453786885245902,NA,NA,NA,NA
"225",2022-06-05,"C14",0.468262295081967,NA,NA,NA,NA
"226",2022-06-05,"C15",0.321180327868852,NA,NA,NA,NA
"227",2022-06-05,"C16",0.462655737704918,NA,NA,NA,NA
"228",2022-06-05,"C17",-0.00175409836065574,NA,NA,NA,NA
"229",2022-06-05,"C18",0.364737704918033,NA,NA,NA,NA
"230",2022-06-05,"C2",0.615918032786885,NA,NA,NA,NA
"231",2022-06-05,"C3",0.341524590163934,NA,NA,NA,NA
"232",2022-06-05,"C4",0.381508196721311,NA,NA,NA,NA
"233",2022-06-05,"C5",-0.00544262295081967,NA,NA,NA,NA
"234",2022-06-05,"C6",0.561737704918033,NA,NA,NA,NA
"235",2022-06-05,"C7",0.603377049180328,NA,NA,NA,NA
"236",2022-06-05,"C9",0.378655737704918,NA,NA,NA,NA
"237",2022-06-05,"T019",NA,NA,NA,NA,NA
"238",2022-06-05,"T034",NA,0.307432201540984,NA,NA,NA
"239",2022-06-05,"T035",NA,NA,NA,NA,NA
"240",2022-06-05,"T037",NA,NA,NA,NA,NA
"241",2022-06-05,"T039",NA,0.365451421983607,NA,NA,NA
"242",2022-06-05,"T055",NA,0.333843358688525,NA,NA,NA
"243",2022-06-05,"T056",NA,0.323144504377049,NA,NA,NA
"244",2022-06-05,"T057",NA,0.36072120404918,NA,NA,NA
"245",2022-06-05,"T058",NA,NA,NA,NA,NA
"246",2022-06-05,"T060",NA,NA,NA,NA,NA
"247",2022-06-05,"T062",NA,NA,NA,NA,NA
"248",2022-06-05,"T074",NA,NA,NA,NA,NA
"249",2022-06-05,"T103",NA,0.299999910360656,NA,NA,NA
"250",2022-06-05,"T110",NA,0.374127155229508,NA,NA,NA
"251",2022-06-05,"T112",NA,NA,NA,NA,NA
"252",2022-06-05,"T113",NA,0.351218925852459,NA,NA,NA
"253",2022-06-05,"T114",NA,NA,NA,NA,NA
"254",2022-06-05,"T115",NA,NA,NA,NA,NA
"255",2022-06-05,"T116",NA,NA,NA,NA,NA
"256",2022-06-05,"T129",NA,0.404238115295082,NA,NA,NA
"257",2022-06-05,"T132",NA,0.405717158918033,NA,NA,NA
"258",2022-06-05,"T135",NA,0.309027615163934,NA,NA,NA
"259",2022-06-05,"T160",NA,NA,NA,NA,NA
"260",2022-06-05,"T162",NA,0.428848653360656,NA,NA,NA
"261",2022-06-05,"T166",NA,0.302248267786885,NA,NA,NA
"262",2022-06-05,"T175",NA,0.359169286098361,NA,NA,NA
"263",2022-06-05,"T179",NA,0.33079745342623,NA,NA,NA
"264",2022-06-05,"T180",NA,NA,NA,NA,NA
"265",2022-06-05,"T181",NA,NA,NA,NA,NA
"266",2022-06-05,"T182",NA,0.332324761983607,NA,NA,NA
"267",2022-06-05,"T184",NA,0.397961130213115,NA,NA,NA
"268",2022-06-05,"T185",NA,0.310527961491803,NA,NA,NA
"269",2022-06-05,"T186",NA,0.341036868803279,NA,NA,NA
"270",2022-06-05,"T187",NA,0.352726267098361,NA,NA,NA
"271",2022-06-05,"T189",NA,0.385412120081967,NA,NA,NA
"272",2022-06-05,"T190",NA,0.314087102967213,NA,NA,NA
"273",2022-06-05,NA,NA,NA,920.937245901639,21.9231147540984,1.46868790065574
"274",2022-06-06,"C1",0.505360655737705,NA,NA,NA,NA
"275",2022-06-06,"C10",0.703983606557377,NA,NA,NA,NA
"276",2022-06-06,"C11",0.406737704918033,NA,NA,NA,NA
"277",2022-06-06,"C12",-0.00336065573770492,NA,NA,NA,NA
"278",2022-06-06,"C13",0.456262295081967,NA,NA,NA,NA
"279",2022-06-06,"C14",0.47655737704918,NA,NA,NA,NA
"280",2022-06-06,"C15",0.329065573770492,NA,NA,NA,NA
"281",2022-06-06,"C16",0.463983606557377,NA,NA,NA,NA
"282",2022-06-06,"C17",-0.00221311475409836,NA,NA,NA,NA
"283",2022-06-06,"C18",0.370688524590164,NA,NA,NA,NA
"284",2022-06-06,"C2",0.620229508196721,NA,NA,NA,NA
"285",2022-06-06,"C3",0.339508196721311,NA,NA,NA,NA
"286",2022-06-06,"C4",0.374180327868852,NA,NA,NA,NA
"287",2022-06-06,"C5",-0.00432786885245902,NA,NA,NA,NA
"288",2022-06-06,"C6",0.569590163934426,NA,NA,NA,NA
"289",2022-06-06,"C7",0.605803278688525,NA,NA,NA,NA
"290",2022-06-06,"C9",0.385540983606557,NA,NA,NA,NA
"291",2022-06-06,"T019",NA,NA,NA,NA,NA
"292",2022-06-06,"T034",NA,0.302651175065574,NA,NA,NA
"293",2022-06-06,"T035",NA,0.318822408114754,NA,NA,NA
"294",2022-06-06,"T037",NA,0.39879212647541,NA,NA,NA
"295",2022-06-06,"T039",NA,0.362095323901639,NA,NA,NA
"296",2022-06-06,"T055",NA,0.329352812081967,NA,NA,NA
"297",2022-06-06,"T056",NA,0.314231897770492,NA,NA,NA
"298",2022-06-06,"T057",NA,0.356918385065574,NA,NA,NA
"299",2022-06-06,"T058",NA,0.328889366967213,NA,NA,NA
"300",2022-06-06,"T060",NA,0.391448479983607,NA,NA,NA
"301",2022-06-06,"T062",NA,NA,NA,NA,NA
"302",2022-06-06,"T074",NA,0.374029417147541,NA,NA,NA
"303",2022-06-06,"T103",NA,0.293665185409836,NA,NA,NA
"304",2022-06-06,"T110",NA,0.368487979491803,NA,NA,NA
"305",2022-06-06,"T112",NA,0.285530922409836,NA,NA,NA
"306",2022-06-06,"T113",NA,0.348734521737705,NA,NA,NA
"307",2022-06-06,"T114",NA,0.341134225344262,NA,NA,NA
"308",2022-06-06,"T115",NA,0.289771686852459,NA,NA,NA
"309",2022-06-06,"T116",NA,0.297488989147541,NA,NA,NA
"310",2022-06-06,"T129",NA,0.399592917409836,NA,NA,NA
"311",2022-06-06,"T132",NA,0.401974877770492,NA,NA,NA
"312",2022-06-06,"T135",NA,0.300040353704918,NA,NA,NA
"313",2022-06-06,"T160",NA,0.844094840278689,NA,NA,NA
"314",2022-06-06,"T162",NA,0.425877530131148,NA,NA,NA
"315",2022-06-06,"T166",NA,0.298513490278689,NA,NA,NA
"316",2022-06-06,"T175",NA,0.355334354081967,NA,NA,NA
"317",2022-06-06,"T179",NA,0.326015218737705,NA,NA,NA
"318",2022-06-06,"T180",NA,0.317105537278689,NA,NA,NA
"319",2022-06-06,"T181",NA,0.362961103983607,NA,NA,NA
"320",2022-06-06,"T182",NA,0.327634987393443,NA,NA,NA
"321",2022-06-06,"T184",NA,0.39533593747541,NA,NA,NA
"322",2022-06-06,"T185",NA,0.304613122393443,NA,NA,NA
"323",2022-06-06,"T186",NA,0.336518469704918,NA,NA,NA
"324",2022-06-06,"T187",NA,0.350452727967213,NA,NA,NA
"325",2022-06-06,"T189",NA,0.38231947604918,NA,NA,NA
"326",2022-06-06,"T190",NA,0.308438515885246,NA,NA,NA
"327",2022-06-06,NA,NA,NA,923.627278688525,22.6755737704918,1.37045585345902
"328",2022-06-07,"C1",0.51555,NA,NA,NA,NA
"329",2022-06-07,"C10",0.731737704918033,NA,NA,NA,NA
"330",2022-06-07,"C11",0.413081967213115,NA,NA,NA,NA
"331",2022-06-07,"C12",0.247483333333333,NA,NA,NA,NA
"332",2022-06-07,"C13",0.454147540983607,NA,NA,NA,NA
"333",2022-06-07,"C14",0.499081967213115,NA,NA,NA,NA
"334",2022-06-07,"C15",0.348213114754098,NA,NA,NA,NA
"335",2022-06-07,"C16",0.481114754098361,NA,NA,NA,NA
"336",2022-06-07,"C17",1.56195,NA,NA,NA,NA
"337",2022-06-07,"C18",0.37427868852459,NA,NA,NA,NA
"338",2022-06-07,"C2",0.6324,NA,NA,NA,NA
"339",2022-06-07,"C3",0.364491803278689,NA,NA,NA,NA
"340",2022-06-07,"C4",0.357283333333333,NA,NA,NA,NA
"341",2022-06-07,"C5",-0.00366666666666667,NA,NA,NA,NA
"342",2022-06-07,"C6",0.598590163934426,NA,NA,NA,NA
"343",2022-06-07,"C7",0.638639344262295,NA,NA,NA,NA
"344",2022-06-07,"C9",0.425754098360656,NA,NA,NA,NA
"345",2022-06-07,"T019",NA,NA,NA,NA,NA
"346",2022-06-07,"T034",NA,0.29802492704918,NA,NA,NA
"347",2022-06-07,"T035",NA,0.29676360025,NA,NA,NA
"348",2022-06-07,"T037",NA,0.394470475344262,NA,NA,NA
"349",2022-06-07,"T039",NA,NA,NA,NA,NA
"350",2022-06-07,"T055",NA,0.327004363737705,NA,NA,NA
"351",2022-06-07,"T056",NA,0.307921464262295,NA,NA,NA
"352",2022-06-07,"T057",NA,NA,NA,NA,NA
"353",2022-06-07,"T058",NA,NA,NA,NA,NA
"354",2022-06-07,"T060",NA,0.387737358016393,NA,NA,NA
"355",2022-06-07,"T062",NA,0.355035543901639,NA,NA,NA
"356",2022-06-07,"T074",NA,0.368734391377049,NA,NA,NA
"357",2022-06-07,"T103",NA,NA,NA,NA,NA
"358",2022-06-07,"T110",NA,0.3459623149,NA,NA,NA
"359",2022-06-07,"T112",NA,0.281848733967213,NA,NA,NA
"360",2022-06-07,"T113",NA,0.32754682705,NA,NA,NA
"361",2022-06-07,"T114",NA,0.333735191819672,NA,NA,NA
"362",2022-06-07,"T115",NA,0.280751231327869,NA,NA,NA
"363",2022-06-07,"T116",NA,0.294500760163934,NA,NA,NA
"364",2022-06-07,"T129",NA,NA,NA,NA,NA
"365",2022-06-07,"T132",NA,0.398611403229508,NA,NA,NA
"366",2022-06-07,"T135",NA,0.294334408295082,NA,NA,NA
"367",2022-06-07,"T160",NA,0.843815234327869,NA,NA,NA
"368",2022-06-07,"T162",NA,0.423224802852459,NA,NA,NA
"369",2022-06-07,"T166",NA,0.2782506202,NA,NA,NA
"370",2022-06-07,"T175",NA,0.3334990879,NA,NA,NA
"371",2022-06-07,"T179",NA,0.320842349672131,NA,NA,NA
"372",2022-06-07,"T180",NA,0.30849288547541,NA,NA,NA
"373",2022-06-07,"T181",NA,0.359246866098361,NA,NA,NA
"374",2022-06-07,"T182",NA,0.30622848955,NA,NA,NA
"375",2022-06-07,"T184",NA,0.37503393295,NA,NA,NA
"376",2022-06-07,"T185",NA,0.299247320770492,NA,NA,NA
"377",2022-06-07,"T186",NA,0.31373332015,NA,NA,NA
"378",2022-06-07,"T187",NA,0.348361629016393,NA,NA,NA
"379",2022-06-07,"T189",NA,0.361572316,NA,NA,NA
"380",2022-06-07,"T190",NA,0.28616526715,NA,NA,NA
"381",2022-06-07,NA,NA,NA,491.691983606557,23.167868852459,1.39618580655738
"382",2022-06-08,"C1",0.497065573770492,NA,NA,NA,NA
"383",2022-06-08,"C10",0.705491803278689,NA,NA,NA,NA
"384",2022-06-08,"C11",0.394639344262295,NA,NA,NA,NA
"385",2022-06-08,"C12",0.573786885245902,NA,NA,NA,NA
"386",2022-06-08,"C13",0.47072131147541,NA,NA,NA,NA
"387",2022-06-08,"C14",0.481475409836066,NA,NA,NA,NA
"388",2022-06-08,"C15",0.33383606557377,NA,NA,NA,NA
"389",2022-06-08,"C16",0.456163934426229,NA,NA,NA,NA
"390",2022-06-08,"C17",3.23385245901639,NA,NA,NA,NA
"391",2022-06-08,"C18",0.371344262295082,NA,NA,NA,NA
"392",2022-06-08,"C2",0.620032786885246,NA,NA,NA,NA
"393",2022-06-08,"C3",0.331868852459016,NA,NA,NA,NA
"394",2022-06-08,"C4",0.334327868852459,NA,NA,NA,NA
"395",2022-06-08,"C5",-0.00388524590163934,NA,NA,NA,NA
"396",2022-06-08,"C6",0.57927868852459,NA,NA,NA,NA
"397",2022-06-08,"C7",0.61116393442623,NA,NA,NA,NA
"398",2022-06-08,"C9",0.392508196721311,NA,NA,NA,NA
"399",2022-06-08,"T019",NA,0.363218771327869,NA,NA,NA
"400",2022-06-08,"T034",NA,0.292998951262295,NA,NA,NA
"401",2022-06-08,"T035",NA,0.308916968278689,NA,NA,NA
"402",2022-06-08,"T037",NA,0.388764021213115,NA,NA,NA
"403",2022-06-08,"T039",NA,0.355595518885246,NA,NA,NA
"404",2022-06-08,"T055",NA,NA,NA,NA,NA
"405",2022-06-08,"T056",NA,0.303589765885246,NA,NA,NA
"406",2022-06-08,"T057",NA,0.348521113147541,NA,NA,NA
"407",2022-06-08,"T058",NA,0.317946707967213,NA,NA,NA
"408",2022-06-08,"T060",NA,0.383707967278688,NA,NA,NA
"409",2022-06-08,"T062",NA,0.350510595016393,NA,NA,NA
"410",2022-06-08,"T074",NA,0.364628819622951,NA,NA,NA
"411",2022-06-08,"T103",NA,0.282799534098361,NA,NA,NA
"412",2022-06-08,"T110",NA,0.359275863213115,NA,NA,NA
"413",2022-06-08,"T112",NA,0.277262484163934,NA,NA,NA
"414",2022-06-08,"T113",NA,0.34234460052459,NA,NA,NA
"415",2022-06-08,"T114",NA,0.327563384868852,NA,NA,NA
"416",2022-06-08,"T115",NA,0.273646556672131,NA,NA,NA
"417",2022-06-08,"T116",NA,0.291429037295082,NA,NA,NA
"418",2022-06-08,"T129",NA,NA,NA,NA,NA
"419",2022-06-08,"T132",NA,0.395798873868852,NA,NA,NA
"420",2022-06-08,"T135",NA,0.289597259032787,NA,NA,NA
"421",2022-06-08,"T160",NA,0.84347051204918,NA,NA,NA
"422",2022-06-08,"T162",NA,0.420489535540984,NA,NA,NA
"423",2022-06-08,"T166",NA,0.290471305836066,NA,NA,NA
"424",2022-06-08,"T175",NA,0.34728288547541,NA,NA,NA
"425",2022-06-08,"T179",NA,0.315304663836066,NA,NA,NA
"426",2022-06-08,"T180",NA,0.298619813032787,NA,NA,NA
"427",2022-06-08,"T181",NA,0.355733382360656,NA,NA,NA
"428",2022-06-08,"T182",NA,0.319114350557377,NA,NA,NA
"429",2022-06-08,"T184",NA,0.39074288352459,NA,NA,NA
"430",2022-06-08,"T185",NA,0.294291930065574,NA,NA,NA
"431",2022-06-08,"T186",NA,0.32526568147541,NA,NA,NA
"432",2022-06-08,"T187",NA,0.346630068852459,NA,NA,NA
"433",2022-06-08,"T189",NA,0.376807798590164,NA,NA,NA
"434",2022-06-08,"T190",NA,0.297450962229508,NA,NA,NA
"435",2022-06-08,NA,NA,NA,784.759557377049,26.0744262295082,1.22752936229508
"436",2022-06-09,"C1",0.490819672131148,NA,NA,NA,NA
"437",2022-06-09,"C10",0.702098360655738,NA,NA,NA,NA
"438",2022-06-09,"C11",0.388409836065574,NA,NA,NA,NA
"439",2022-06-09,"C12",0.586901639344262,NA,NA,NA,NA
"440",2022-06-09,"C13",0.461491803278689,NA,NA,NA,NA
"441",2022-06-09,"C14",0.475950819672131,NA,NA,NA,NA
"442",2022-06-09,"C15",0.330491803278689,NA,NA,NA,NA
"443",2022-06-09,"C16",0.454377049180328,NA,NA,NA,NA
"444",2022-06-09,"C17",3.25206557377049,NA,NA,NA,NA
"445",2022-06-09,"C18",0.374459016393443,NA,NA,NA,NA
"446",2022-06-09,"C2",0.621311475409836,NA,NA,NA,NA
"447",2022-06-09,"C3",0.331688524590164,NA,NA,NA,NA
"448",2022-06-09,"C4",0.333590163934426,NA,NA,NA,NA
"449",2022-06-09,"C5",-0.002,NA,NA,NA,NA
"450",2022-06-09,"C6",0.579950819672131,NA,NA,NA,NA
"451",2022-06-09,"C7",0.600114754098361,NA,NA,NA,NA
"452",2022-06-09,"C9",0.383131147540984,NA,NA,NA,NA
"453",2022-06-09,"T019",NA,0.38570374457377,NA,NA,NA
"454",2022-06-09,"T034",NA,0.291460387245902,NA,NA,NA
"455",2022-06-09,"T035",NA,0.323918269491803,NA,NA,NA
"456",2022-06-09,"T037",NA,0.412029436540984,NA,NA,NA
"457",2022-06-09,"T039",NA,0.370243958278689,NA,NA,NA
"458",2022-06-09,"T055",NA,NA,NA,NA,NA
"459",2022-06-09,"T056",NA,NA,NA,NA,NA
"460",2022-06-09,"T057",NA,0.358514943311475,NA,NA,NA
"461",2022-06-09,"T058",NA,0.329708090327869,NA,NA,NA
"462",2022-06-09,"T060",NA,0.397482995770492,NA,NA,NA
"463",2022-06-09,"T062",NA,0.357574826327869,NA,NA,NA
"464",2022-06-09,"T074",NA,0.387854045967213,NA,NA,NA
"465",2022-06-09,"T103",NA,NA,NA,NA,NA
"466",2022-06-09,"T110",NA,0.380087397704918,NA,NA,NA
"467",2022-06-09,"T112",NA,0.286484520508197,NA,NA,NA
"468",2022-06-09,"T113",NA,0.353282299491803,NA,NA,NA
"469",2022-06-09,"T114",NA,0.345605059,NA,NA,NA
"470",2022-06-09,"T115",NA,0.296720947147541,NA,NA,NA
"471",2022-06-09,"T116",NA,0.295396364032787,NA,NA,NA
"472",2022-06-09,"T129",NA,NA,NA,NA,NA
"473",2022-06-09,"T132",NA,NA,NA,NA,NA
"474",2022-06-09,"T135",NA,0.293082572327869,NA,NA,NA
"475",2022-06-09,"T160",NA,0.842985700639344,NA,NA,NA
"476",2022-06-09,"T162",NA,0.453346891196721,NA,NA,NA
"477",2022-06-09,"T166",NA,0.304285378688525,NA,NA,NA
"478",2022-06-09,"T175",NA,0.362601819557377,NA,NA,NA
"479",2022-06-09,"T179",NA,0.32573325995082,NA,NA,NA
"480",2022-06-09,"T180",NA,0.322467968622951,NA,NA,NA
"481",2022-06-09,"T181",NA,0.366756991639344,NA,NA,NA
"482",2022-06-09,"T182",NA,0.333355304180328,NA,NA,NA
"483",2022-06-09,"T184",NA,0.403894092508197,NA,NA,NA
"484",2022-06-09,"T185",NA,0.308273690180328,NA,NA,NA
"485",2022-06-09,"T186",NA,0.342781592131148,NA,NA,NA
"486",2022-06-09,"T187",NA,0.359796412295082,NA,NA,NA
"487",2022-06-09,"T189",NA,0.388284996508197,NA,NA,NA
"488",2022-06-09,"T190",NA,0.313016498967213,NA,NA,NA
"489",2022-06-09,NA,NA,NA,795.829081967213,25.0124590163934,2.20377706721311
"490",2022-06-10,"C1",0.534227272727273,NA,NA,NA,NA
"491",2022-06-10,"C10",0.704262295081967,NA,NA,NA,NA
"492",2022-06-10,"C11",0.391852459016393,NA,NA,NA,NA
"493",2022-06-10,"C12",0.544090909090909,NA,NA,NA,NA
"494",2022-06-10,"C13",0.460245901639344,NA,NA,NA,NA
"495",2022-06-10,"C14",0.479754098360656,NA,NA,NA,NA
"496",2022-06-10,"C15",0.33183606557377,NA,NA,NA,NA
"497",2022-06-10,"C16",0.455508196721311,NA,NA,NA,NA
"498",2022-06-10,"C17",1.67431818181818,NA,NA,NA,NA
"499",2022-06-10,"C18",0.371016393442623,NA,NA,NA,NA
"500",2022-06-10,"C2",0.623454545454545,NA,NA,NA,NA
"501",2022-06-10,"C3",0.328360655737705,NA,NA,NA,NA
"502",2022-06-10,"C4",0.342295454545455,NA,NA,NA,NA
"503",2022-06-10,"C5",0.215545454545455,NA,NA,NA,NA
"504",2022-06-10,"C6",0.589393442622951,NA,NA,NA,NA
"505",2022-06-10,"C7",0.607327868852459,NA,NA,NA,NA
"506",2022-06-10,"C9",0.390918032786885,NA,NA,NA,NA
"507",2022-06-10,"T019",NA,0.380578822491803,NA,NA,NA
"508",2022-06-10,"T034",NA,0.288456960213115,NA,NA,NA
"509",2022-06-10,"T035",NA,0.297703464318182,NA,NA,NA
"510",2022-06-10,"T037",NA,0.401631363704918,NA,NA,NA
"511",2022-06-10,"T039",NA,0.339819001545455,NA,NA,NA
"512",2022-06-10,"T055",NA,0.326346523491803,NA,NA,NA
"513",2022-06-10,"T056",NA,0.304020970786885,NA,NA,NA
"514",2022-06-10,"T057",NA,0.330242808454545,NA,NA,NA
"515",2022-06-10,"T058",NA,0.322246929213115,NA,NA,NA
"516",2022-06-10,"T060",NA,0.390561015655738,NA,NA,NA
"517",2022-06-10,"T062",NA,0.352796279868852,NA,NA,NA
"518",2022-06-10,"T074",NA,0.37850851752459,NA,NA,NA
"519",2022-06-10,"T103",NA,0.259261604568182,NA,NA,NA
"520",2022-06-10,"T110",NA,0.344259398636364,NA,NA,NA
"521",2022-06-10,"T112",NA,0.280177584459016,NA,NA,NA
"522",2022-06-10,"T113",NA,0.325302373,NA,NA,NA
"523",2022-06-10,"T114",NA,0.328241637557377,NA,NA,NA
"524",2022-06-10,"T115",NA,0.282833364065574,NA,NA,NA
"525",2022-06-10,"T116",NA,0.293721081163934,NA,NA,NA
"526",2022-06-10,"T129",NA,0.392872963245902,NA,NA,NA
"527",2022-06-10,"T132",NA,0.404865940983607,NA,NA,NA
"528",2022-06-10,"T135",NA,0.287389853672131,NA,NA,NA
"529",2022-06-10,"T160",NA,0.843356940016393,NA,NA,NA
"530",2022-06-10,"T162",NA,0.430242041032787,NA,NA,NA
"531",2022-06-10,"T166",NA,0.274008328340909,NA,NA,NA
"532",2022-06-10,"T175",NA,0.329481113909091,NA,NA,NA
"533",2022-06-10,"T179",NA,0.318956201819672,NA,NA,NA
"534",2022-06-10,"T180",NA,0.31063943504918,NA,NA,NA
"535",2022-06-10,"T181",NA,0.362122858442623,NA,NA,NA
"536",2022-06-10,"T182",NA,0.300780216590909,NA,NA,NA
"537",2022-06-10,"T184",NA,0.372061249545455,NA,NA,NA
"538",2022-06-10,"T185",NA,0.300281360426229,NA,NA,NA
"539",2022-06-10,"T186",NA,0.310557765045455,NA,NA,NA
"540",2022-06-10,"T187",NA,0.354682936442623,NA,NA,NA
"541",2022-06-10,"T189",NA,0.359779013159091,NA,NA,NA
"542",2022-06-10,"T190",NA,0.277633430159091,NA,NA,NA
"543",2022-06-10,NA,NA,NA,783.119049180328,22.7327868852459,1.14015582704918
"544",2022-06-11,"C1",0.494459016393443,NA,NA,NA,NA
"545",2022-06-11,"C10",0.76583606557377,NA,NA,NA,NA
"546",2022-06-11,"C11",0.433049180327869,NA,NA,NA,NA
"547",2022-06-11,"C12",0.63927868852459,NA,NA,NA,NA
"548",2022-06-11,"C13",0.495583333333333,NA,NA,NA,NA
"549",2022-06-11,"C14",0.524516666666667,NA,NA,NA,NA
"550",2022-06-11,"C15",0.370966666666667,NA,NA,NA,NA
"551",2022-06-11,"C16",0.509852459016393,NA,NA,NA,NA
"552",2022-06-11,"C17",0.461950819672131,NA,NA,NA,NA
"553",2022-06-11,"C18",0.404754098360656,NA,NA,NA,NA
"554",2022-06-11,"C2",0.649295081967213,NA,NA,NA,NA
"555",2022-06-11,"C3",0.392533333333333,NA,NA,NA,NA
"556",2022-06-11,"C4",0.371229508196721,NA,NA,NA,NA
"557",2022-06-11,"C5",0.504131147540984,NA,NA,NA,NA
"558",2022-06-11,"C6",0.6411,NA,NA,NA,NA
"559",2022-06-11,"C7",0.674950819672131,NA,NA,NA,NA
"560",2022-06-11,"C9",0.455866666666667,NA,NA,NA,NA
"561",2022-06-11,"T019",NA,0.377489612327869,NA,NA,NA
"562",2022-06-11,"T034",NA,0.28858162555,NA,NA,NA
"563",2022-06-11,"T035",NA,0.318028802868852,NA,NA,NA
"564",2022-06-11,"T037",NA,NA,NA,NA,NA
"565",2022-06-11,"T039",NA,NA,NA,NA,NA
"566",2022-06-11,"T055",NA,NA,NA,NA,NA
"567",2022-06-11,"T056",NA,NA,NA,NA,NA
"568",2022-06-11,"T057",NA,0.350664165262295,NA,NA,NA
"569",2022-06-11,"T058",NA,NA,NA,NA,NA
"570",2022-06-11,"T060",NA,0.387210195557377,NA,NA,NA
"571",2022-06-11,"T062",NA,0.35038528,NA,NA,NA
"572",2022-06-11,"T074",NA,0.37266282955,NA,NA,NA
"573",2022-06-11,"T103",NA,0.279390783360656,NA,NA,NA
"574",2022-06-11,"T110",NA,0.362133478,NA,NA,NA
"575",2022-06-11,"T112",NA,0.27958855195,NA,NA,NA
"576",2022-06-11,"T113",NA,NA,NA,NA,NA
"577",2022-06-11,"T114",NA,NA,NA,NA,NA
"578",2022-06-11,"T115",NA,NA,NA,NA,NA
"579",2022-06-11,"T116",NA,0.29205048595,NA,NA,NA
"580",2022-06-11,"T129",NA,0.391398307344262,NA,NA,NA
"581",2022-06-11,"T132",NA,0.401342219229508,NA,NA,NA
"582",2022-06-11,"T135",NA,0.286164852754098,NA,NA,NA
"583",2022-06-11,"T160",NA,0.843572065540984,NA,NA,NA
"584",2022-06-11,"T162",NA,0.42736515842623,NA,NA,NA
"585",2022-06-11,"T166",NA,0.29295119504918,NA,NA,NA
"586",2022-06-11,"T175",NA,0.34905170947541,NA,NA,NA
"587",2022-06-11,"T179",NA,0.315124067770492,NA,NA,NA
"588",2022-06-11,"T180",NA,0.30273506215,NA,NA,NA
"589",2022-06-11,"T181",NA,0.35938733995,NA,NA,NA
"590",2022-06-11,"T182",NA,0.319428549557377,NA,NA,NA
"591",2022-06-11,"T184",NA,0.395070194180328,NA,NA,NA
"592",2022-06-11,"T185",NA,0.29610300655,NA,NA,NA
"593",2022-06-11,"T186",NA,0.328372633295082,NA,NA,NA
"594",2022-06-11,"T187",NA,0.351853046967213,NA,NA,NA
"595",2022-06-11,"T189",NA,0.381971510672131,NA,NA,NA
"596",2022-06-11,"T190",NA,0.295807474442623,NA,NA,NA
"597",2022-06-11,NA,NA,NA,263.97168852459,19.4075409836066,0.552894905937705
"598",2022-06-12,"C1",0.471032786885246,NA,NA,NA,NA
"599",2022-06-12,"C10",0.749262295081967,NA,NA,NA,NA
"600",2022-06-12,"C11",0.414114754098361,NA,NA,NA,NA
"601",2022-06-12,"C12",0.626032786885246,NA,NA,NA,NA
"602",2022-06-12,"C13",0.468377049180328,NA,NA,NA,NA
"603",2022-06-12,"C14",0.513885245901639,NA,NA,NA,NA
"604",2022-06-12,"C15",0.362131147540984,NA,NA,NA,NA
"605",2022-06-12,"C16",0.504770491803279,NA,NA,NA,NA
"606",2022-06-12,"C17",0.437737704918033,NA,NA,NA,NA
"607",2022-06-12,"C18",0.393524590163934,NA,NA,NA,NA
"608",2022-06-12,"C2",0.623786885245902,NA,NA,NA,NA
"609",2022-06-12,"C3",0.377081967213115,NA,NA,NA,NA
"610",2022-06-12,"C4",0.359803278688525,NA,NA,NA,NA
"611",2022-06-12,"C5",0.502459016393443,NA,NA,NA,NA
"612",2022-06-12,"C6",0.63116393442623,NA,NA,NA,NA
"613",2022-06-12,"C7",0.653114754098361,NA,NA,NA,NA
"614",2022-06-12,"C9",0.430852459016393,NA,NA,NA,NA
"615",2022-06-12,"T019",NA,0.375914229606557,NA,NA,NA
"616",2022-06-12,"T034",NA,0.288806070213115,NA,NA,NA
"617",2022-06-12,"T035",NA,NA,NA,NA,NA
"618",2022-06-12,"T037",NA,0.394869185672131,NA,NA,NA
"619",2022-06-12,"T039",NA,0.359919459262295,NA,NA,NA
"620",2022-06-12,"T055",NA,NA,NA,NA,NA
"621",2022-06-12,"T056",NA,0.302259078114754,NA,NA,NA
"622",2022-06-12,"T057",NA,0.348788954918033,NA,NA,NA
"623",2022-06-12,"T058",NA,0.315076565918033,NA,NA,NA
"624",2022-06-12,"T060",NA,NA,NA,NA,NA
"625",2022-06-12,"T062",NA,0.348664826918033,NA,NA,NA
"626",2022-06-12,"T074",NA,0.369366604786885,NA,NA,NA
"627",2022-06-12,"T103",NA,0.278136085836066,NA,NA,NA
"628",2022-06-12,"T110",NA,0.360290189918033,NA,NA,NA
"629",2022-06-12,"T112",NA,0.279979310327869,NA,NA,NA
"630",2022-06-12,"T113",NA,0.345910482557377,NA,NA,NA
"631",2022-06-12,"T114",NA,0.322674954606557,NA,NA,NA
"632",2022-06-12,"T115",NA,0.272932439131148,NA,NA,NA
"633",2022-06-12,"T116",NA,0.29052567542623,NA,NA,NA
"634",2022-06-12,"T129",NA,NA,NA,NA,NA
"635",2022-06-12,"T132",NA,0.399026265459016,NA,NA,NA
"636",2022-06-12,"T135",NA,0.287776100327869,NA,NA,NA
"637",2022-06-12,"T160",NA,NA,NA,NA,NA
"638",2022-06-12,"T162",NA,0.425566383459016,NA,NA,NA
"639",2022-06-12,"T166",NA,0.292133679901639,NA,NA,NA
"640",2022-06-12,"T175",NA,0.348531160393443,NA,NA,NA
"641",2022-06-12,"T179",NA,0.315095070655738,NA,NA,NA
"642",2022-06-12,"T180",NA,0.296968312885246,NA,NA,NA
"643",2022-06-12,"T181",NA,0.357656348918033,NA,NA,NA
"644",2022-06-12,"T182",NA,0.318103394131148,NA,NA,NA
"645",2022-06-12,"T184",NA,0.394240406131148,NA,NA,NA
"646",2022-06-12,"T185",NA,0.293777676409836,NA,NA,NA
"647",2022-06-12,"T186",NA,0.324270559,NA,NA,NA
"648",2022-06-12,"T187",NA,0.357414642704918,NA,NA,NA
"649",2022-06-12,"T189",NA,0.384005632836066,NA,NA,NA
"650",2022-06-12,"T190",NA,0.29367059057377,NA,NA,NA
"651",2022-06-12,NA,NA,NA,520.226836065574,22.3149180327869,0.793553595032787
"652",2022-06-13,"C1",0.486770491803279,NA,NA,NA,NA
"653",2022-06-13,"C10",0.700672131147541,NA,NA,NA,NA
"654",2022-06-13,"C11",0.40355737704918,NA,NA,NA,NA
"655",2022-06-13,"C12",0.591983606557377,NA,NA,NA,NA
"656",2022-06-13,"C13",0.468147540983607,NA,NA,NA,NA
"657",2022-06-13,"C14",0.480918032786885,NA,NA,NA,NA
"658",2022-06-13,"C15",0.33555737704918,NA,NA,NA,NA
"659",2022-06-13,"C16",0.476229508196721,NA,NA,NA,NA
"660",2022-06-13,"C17",0.391967213114754,NA,NA,NA,NA
"661",2022-06-13,"C18",0.373967213114754,NA,NA,NA,NA
"662",2022-06-13,"C2",0.601377049180328,NA,NA,NA,NA
"663",2022-06-13,"C3",0.332770491803279,NA,NA,NA,NA
"664",2022-06-13,"C4",0.331754098360656,NA,NA,NA,NA
"665",2022-06-13,"C5",0.462508196721311,NA,NA,NA,NA
"666",2022-06-13,"C6",0.588049180327869,NA,NA,NA,NA
"667",2022-06-13,"C7",0.611540983606557,NA,NA,NA,NA
"668",2022-06-13,"C9",0.395803278688525,NA,NA,NA,NA
"669",2022-06-13,"T019",NA,0.372810012163934,NA,NA,NA
"670",2022-06-13,"T034",NA,0.283565986344262,NA,NA,NA
"671",2022-06-13,"T035",NA,0.312380915278688,NA,NA,NA
"672",2022-06-13,"T037",NA,0.387937349081967,NA,NA,NA
"673",2022-06-13,"T039",NA,NA,NA,NA,NA
"674",2022-06-13,"T055",NA,NA,NA,NA,NA
"675",2022-06-13,"T056",NA,0.298158784344262,NA,NA,NA
"676",2022-06-13,"T057",NA,0.345136844622951,NA,NA,NA
"677",2022-06-13,"T058",NA,NA,NA,NA,NA
"678",2022-06-13,"T060",NA,0.378844909491803,NA,NA,NA
"679",2022-06-13,"T062",NA,0.337675174786885,NA,NA,NA
"680",2022-06-13,"T074",NA,0.364483070967213,NA,NA,NA
"681",2022-06-13,"T103",NA,0.271424970704918,NA,NA,NA
"682",2022-06-13,"T110",NA,0.355875252016393,NA,NA,NA
"683",2022-06-13,"T112",NA,0.274092260131148,NA,NA,NA
"684",2022-06-13,"T113",NA,0.343042121032787,NA,NA,NA
"685",2022-06-13,"T114",NA,0.317729929098361,NA,NA,NA
"686",2022-06-13,"T115",NA,0.26537328557377,NA,NA,NA
"687",2022-06-13,"T116",NA,0.28722401052459,NA,NA,NA
"688",2022-06-13,"T129",NA,NA,NA,NA,NA
"689",2022-06-13,"T132",NA,0.396472039344262,NA,NA,NA
"690",2022-06-13,"T135",NA,NA,NA,NA,NA
"691",2022-06-13,"T160",NA,0.84318556452459,NA,NA,NA
"692",2022-06-13,"T162",NA,0.422745968918033,NA,NA,NA
"693",2022-06-13,"T166",NA,0.287166461426229,NA,NA,NA
"694",2022-06-13,"T175",NA,0.345312162704918,NA,NA,NA
"695",2022-06-13,"T179",NA,0.309547083213115,NA,NA,NA
"696",2022-06-13,"T180",NA,0.287732286704918,NA,NA,NA
"697",2022-06-13,"T181",NA,0.353900841016393,NA,NA,NA
"698",2022-06-13,"T182",NA,0.31337978957377,NA,NA,NA
"699",2022-06-13,"T184",NA,0.391779148836066,NA,NA,NA
"700",2022-06-13,"T185",NA,0.288658858983607,NA,NA,NA
"701",2022-06-13,"T186",NA,0.318604421032787,NA,NA,NA
"702",2022-06-13,"T187",NA,0.35196630104918,NA,NA,NA
"703",2022-06-13,"T189",NA,0.379491557868852,NA,NA,NA
"704",2022-06-13,"T190",NA,0.288501791278689,NA,NA,NA
"705",2022-06-13,NA,NA,NA,797.800147540984,27.5468852459016,0.865991489147541
"706",2022-06-14,"C1",0.502213114754098,NA,NA,NA,NA
"707",2022-06-14,"C10",0.74383606557377,NA,NA,NA,NA
"708",2022-06-14,"C11",0.423016393442623,NA,NA,NA,NA
"709",2022-06-14,"C12",0.610196721311475,NA,NA,NA,NA
"710",2022-06-14,"C13",0.470819672131148,NA,NA,NA,NA
"711",2022-06-14,"C14",0.502672131147541,NA,NA,NA,NA
"712",2022-06-14,"C15",0.356540983606557,NA,NA,NA,NA
"713",2022-06-14,"C16",0.511852459016393,NA,NA,NA,NA
"714",2022-06-14,"C17",0.433409836065574,NA,NA,NA,NA
"715",2022-06-14,"C18",0.410918032786885,NA,NA,NA,NA
"716",2022-06-14,"C2",0.617852459016393,NA,NA,NA,NA
"717",2022-06-14,"C3",0.36555737704918,NA,NA,NA,NA
"718",2022-06-14,"C4",0.355180327868852,NA,NA,NA,NA
"719",2022-06-14,"C5",0.50044262295082,NA,NA,NA,NA
"720",2022-06-14,"C6",0.629901639344262,NA,NA,NA,NA
"721",2022-06-14,"C7",0.638147540983607,NA,NA,NA,NA
"722",2022-06-14,"C9",0.403229508196721,NA,NA,NA,NA
"723",2022-06-14,"T019",NA,0.39502383695082,NA,NA,NA
"724",2022-06-14,"T034",NA,0.309419203393443,NA,NA,NA
"725",2022-06-14,"T035",NA,0.340681972098361,NA,NA,NA
"726",2022-06-14,"T037",NA,0.438019563213115,NA,NA,NA
"727",2022-06-14,"T039",NA,0.396947312229508,NA,NA,NA
"728",2022-06-14,"T055",NA,0.343731692770492,NA,NA,NA
"729",2022-06-14,"T056",NA,0.370185582508197,NA,NA,NA
"730",2022-06-14,"T057",NA,0.368938388622951,NA,NA,NA
"731",2022-06-14,"T058",NA,0.345911881540984,NA,NA,NA
"732",2022-06-14,"T060",NA,NA,NA,NA,NA
"733",2022-06-14,"T062",NA,0.375877665262295,NA,NA,NA
"734",2022-06-14,"T074",NA,NA,NA,NA,NA
"735",2022-06-14,"T103",NA,0.289069015540984,NA,NA,NA
"736",2022-06-14,"T110",NA,0.391024905901639,NA,NA,NA
"737",2022-06-14,"T112",NA,0.314820933459016,NA,NA,NA
"738",2022-06-14,"T113",NA,0.35861554295082,NA,NA,NA
"739",2022-06-14,"T114",NA,0.383387218491803,NA,NA,NA
"740",2022-06-14,"T115",NA,0.328011568344262,NA,NA,NA
"741",2022-06-14,"T116",NA,0.311920776852459,NA,NA,NA
"742",2022-06-14,"T129",NA,NA,NA,NA,NA
"743",2022-06-14,"T132",NA,0.420239371836066,NA,NA,NA
"744",2022-06-14,"T135",NA,0.325256969622951,NA,NA,NA
"745",2022-06-14,"T160",NA,0.842687208409836,NA,NA,NA
"746",2022-06-14,"T162",NA,0.458407905163934,NA,NA,NA
"747",2022-06-14,"T166",NA,0.311269486393443,NA,NA,NA
"748",2022-06-14,"T175",NA,0.38631096704918,NA,NA,NA
"749",2022-06-14,"T179",NA,0.334588063098361,NA,NA,NA
"750",2022-06-14,"T180",NA,0.348928280967213,NA,NA,NA
"751",2022-06-14,"T181",NA,0.387341254885246,NA,NA,NA
"752",2022-06-14,"T182",NA,0.341135369967213,NA,NA,NA
"753",2022-06-14,"T184",NA,0.414745499622951,NA,NA,NA
"754",2022-06-14,"T185",NA,0.323945168131148,NA,NA,NA
"755",2022-06-14,"T186",NA,0.359235928590164,NA,NA,NA
"756",2022-06-14,"T187",NA,0.380082501262295,NA,NA,NA
"757",2022-06-14,"T189",NA,0.39205010652459,NA,NA,NA
"758",2022-06-14,"T190",NA,0.331944874344262,NA,NA,NA
"759",2022-06-14,NA,NA,NA,488.635442622951,22.3462295081967,1.04995123483607
"760",2022-06-15,"C1",0.462049180327869,NA,NA,NA,NA
"761",2022-06-15,"C10",0.69972131147541,NA,NA,NA,NA
"762",2022-06-15,"C11",0.40916393442623,NA,NA,NA,NA
"763",2022-06-15,"C12",0.594491803278689,NA,NA,NA,NA
"764",2022-06-15,"C13",0.462590163934426,NA,NA,NA,NA
"765",2022-06-15,"C14",0.472491803278689,NA,NA,NA,NA
"766",2022-06-15,"C15",0.328770491803279,NA,NA,NA,NA
"767",2022-06-15,"C16",0.476688524590164,NA,NA,NA,NA
"768",2022-06-15,"C17",0.38355737704918,NA,NA,NA,NA
"769",2022-06-15,"C18",0.375704918032787,NA,NA,NA,NA
"770",2022-06-15,"C2",0.589065573770492,NA,NA,NA,NA
"771",2022-06-15,"C3",0.31727868852459,NA,NA,NA,NA
"772",2022-06-15,"C4",0.324606557377049,NA,NA,NA,NA
"773",2022-06-15,"C5",0.454672131147541,NA,NA,NA,NA
"774",2022-06-15,"C6",0.537524590163934,NA,NA,NA,NA
"775",2022-06-15,"C7",0.60455737704918,NA,NA,NA,NA
"776",2022-06-15,"C9",0.38872131147541,NA,NA,NA,NA
"777",2022-06-15,"T019",NA,0.389395789491803,NA,NA,NA
"778",2022-06-15,"T034",NA,0.315326983983607,NA,NA,NA
"779",2022-06-15,"T035",NA,0.333459846409836,NA,NA,NA
"780",2022-06-15,"T037",NA,0.419204569098361,NA,NA,NA
"781",2022-06-15,"T039",NA,0.372714245377049,NA,NA,NA
"782",2022-06-15,"T055",NA,NA,NA,NA,NA
"783",2022-06-15,"T056",NA,NA,NA,NA,NA
"784",2022-06-15,"T057",NA,0.366499260704918,NA,NA,NA
"785",2022-06-15,"T058",NA,0.338621142065574,NA,NA,NA
"786",2022-06-15,"T060",NA,0.406287562688525,NA,NA,NA
"787",2022-06-15,"T062",NA,0.370867587016393,NA,NA,NA
"788",2022-06-15,"T074",NA,0.389466120213115,NA,NA,NA
"789",2022-06-15,"T103",NA,0.292675086557377,NA,NA,NA
"790",2022-06-15,"T110",NA,0.380300551934426,NA,NA,NA
"791",2022-06-15,"T112",NA,NA,NA,NA,NA
"792",2022-06-15,"T113",NA,NA,NA,NA,NA
"793",2022-06-15,"T114",NA,0.365971144393443,NA,NA,NA
"794",2022-06-15,"T115",NA,0.307404476229508,NA,NA,NA
"795",2022-06-15,"T116",NA,0.303909497229508,NA,NA,NA
"796",2022-06-15,"T129",NA,0.415518946786885,NA,NA,NA
"797",2022-06-15,"T132",NA,0.412258043180328,NA,NA,NA
"798",2022-06-15,"T135",NA,0.316468173065574,NA,NA,NA
"799",2022-06-15,"T160",NA,0.842719702983607,NA,NA,NA
"800",2022-06-15,"T162",NA,0.447296732229508,NA,NA,NA
"801",2022-06-15,"T166",NA,0.301354190081967,NA,NA,NA
"802",2022-06-15,"T175",NA,0.359897202704918,NA,NA,NA
"803",2022-06-15,"T179",NA,0.328072805672131,NA,NA,NA
"804",2022-06-15,"T180",NA,0.327104263885246,NA,NA,NA
"805",2022-06-15,"T181",NA,0.373116643934426,NA,NA,NA
"806",2022-06-15,"T182",NA,0.33335727547541,NA,NA,NA
"807",2022-06-15,"T184",NA,0.399903746131148,NA,NA,NA
"808",2022-06-15,"T185",NA,0.315900948803279,NA,NA,NA
"809",2022-06-15,"T186",NA,0.344052060016393,NA,NA,NA
"810",2022-06-15,"T187",NA,0.359370612557377,NA,NA,NA
"811",2022-06-15,"T189",NA,0.386995006442623,NA,NA,NA
"812",2022-06-15,"T190",NA,0.313595042278689,NA,NA,NA
"813",2022-06-15,NA,NA,NA,893.191868852459,26.6162295081967,0.993237982295082
"814",2022-06-16,"C1",0.479704918032787,NA,NA,NA,NA
"815",2022-06-16,"C10",0.749639344262295,NA,NA,NA,NA
"816",2022-06-16,"C11",0.432918032786885,NA,NA,NA,NA
"817",2022-06-16,"C12",0.619704918032787,NA,NA,NA,NA
"818",2022-06-16,"C13",0.473081967213115,NA,NA,NA,NA
"819",2022-06-16,"C14",0.502770491803279,NA,NA,NA,NA
"820",2022-06-16,"C15",0.356836065573771,NA,NA,NA,NA
"821",2022-06-16,"C16",0.524180327868852,NA,NA,NA,NA
"822",2022-06-16,"C17",0.428081967213115,NA,NA,NA,NA
"823",2022-06-16,"C18",0.405147540983607,NA,NA,NA,NA
"824",2022-06-16,"C2",0.603540983606557,NA,NA,NA,NA
"825",2022-06-16,"C3",0.363032786885246,NA,NA,NA,NA
"826",2022-06-16,"C4",0.350885245901639,NA,NA,NA,NA
"827",2022-06-16,"C5",0.48227868852459,NA,NA,NA,NA
"828",2022-06-16,"C6",0.572786885245902,NA,NA,NA,NA
"829",2022-06-16,"C7",0.646131147540984,NA,NA,NA,NA
"830",2022-06-16,"C9",0.421639344262295,NA,NA,NA,NA
"831",2022-06-16,"T019",NA,0.386368961278689,NA,NA,NA
"832",2022-06-16,"T034",NA,0.311059066540984,NA,NA,NA
"833",2022-06-16,"T035",NA,0.328854837508197,NA,NA,NA
"834",2022-06-16,"T037",NA,NA,NA,NA,NA
"835",2022-06-16,"T039",NA,NA,NA,NA,NA
"836",2022-06-16,"T055",NA,0.33020689157377,NA,NA,NA
"837",2022-06-16,"T056",NA,0.337728717704918,NA,NA,NA
"838",2022-06-16,"T057",NA,0.362645633180328,NA,NA,NA
"839",2022-06-16,"T058",NA,0.332181874885246,NA,NA,NA
"840",2022-06-16,"T060",NA,0.400891110606557,NA,NA,NA
"841",2022-06-16,"T062",NA,0.363052228688525,NA,NA,NA
"842",2022-06-16,"T074",NA,0.38271691457377,NA,NA,NA
"843",2022-06-16,"T103",NA,0.288398584442623,NA,NA,NA
"844",2022-06-16,"T110",NA,0.372805179311475,NA,NA,NA
"845",2022-06-16,"T112",NA,0.296634591704918,NA,NA,NA
"846",2022-06-16,"T113",NA,0.350229462901639,NA,NA,NA
"847",2022-06-16,"T114",NA,0.353061514442623,NA,NA,NA
"848",2022-06-16,"T115",NA,0.298424336868852,NA,NA,NA
"849",2022-06-16,"T116",NA,0.300587547065574,NA,NA,NA
"850",2022-06-16,"T129",NA,NA,NA,NA,NA
"851",2022-06-16,"T132",NA,0.408158512491803,NA,NA,NA
"852",2022-06-16,"T135",NA,0.307836825754098,NA,NA,NA
"853",2022-06-16,"T160",NA,0.842413452754098,NA,NA,NA
"854",2022-06-16,"T162",NA,0.432477616836066,NA,NA,NA
"855",2022-06-16,"T166",NA,0.302916028098361,NA,NA,NA
"856",2022-06-16,"T175",NA,0.357294139344262,NA,NA,NA
"857",2022-06-16,"T179",NA,0.326685522655738,NA,NA,NA
"858",2022-06-16,"T180",NA,0.317447588770492,NA,NA,NA
"859",2022-06-16,"T181",NA,0.369158728540984,NA,NA,NA
"860",2022-06-16,"T182",NA,0.328586614196721,NA,NA,NA
"861",2022-06-16,"T184",NA,0.39766658057377,NA,NA,NA
"862",2022-06-16,"T185",NA,0.310665507016393,NA,NA,NA
"863",2022-06-16,"T186",NA,0.337434549606557,NA,NA,NA
"864",2022-06-16,"T187",NA,0.362035676327869,NA,NA,NA
"865",2022-06-16,"T189",NA,0.391916249229508,NA,NA,NA
"866",2022-06-16,"T190",NA,0.305687923344262,NA,NA,NA
"867",2022-06-16,NA,NA,NA,462.76062295082,23.975737704918,1.11058802459016
"868",2022-06-17,"C1",0.464295081967213,NA,NA,NA,NA
"869",2022-06-17,"C10",0.694327868852459,NA,NA,NA,NA
"870",2022-06-17,"C11",0.405049180327869,NA,NA,NA,NA
"871",2022-06-17,"C12",0.589639344262295,NA,NA,NA,NA
"872",2022-06-17,"C13",0.456852459016393,NA,NA,NA,NA
"873",2022-06-17,"C14",0.463524590163934,NA,NA,NA,NA
"874",2022-06-17,"C15",0.321819672131148,NA,NA,NA,NA
"875",2022-06-17,"C16",0.486131147540984,NA,NA,NA,NA
"876",2022-06-17,"C17",0.372622950819672,NA,NA,NA,NA
"877",2022-06-17,"C18",0.371491803278689,NA,NA,NA,NA
"878",2022-06-17,"C2",0.567114754098361,NA,NA,NA,NA
"879",2022-06-17,"C3",0.308852459016393,NA,NA,NA,NA
"880",2022-06-17,"C4",0.328901639344262,NA,NA,NA,NA
"881",2022-06-17,"C5",0.412803278688525,NA,NA,NA,NA
"882",2022-06-17,"C6",0.502737704918033,NA,NA,NA,NA
"883",2022-06-17,"C7",0.595540983606557,NA,NA,NA,NA
"884",2022-06-17,"C9",0.38644262295082,NA,NA,NA,NA
"885",2022-06-17,"T019",NA,0.383536655377049,NA,NA,NA
"886",2022-06-17,"T034",NA,0.303960242180328,NA,NA,NA
"887",2022-06-17,"T035",NA,0.323988473032787,NA,NA,NA
"888",2022-06-17,"T037",NA,0.405917722295082,NA,NA,NA
"889",2022-06-17,"T039",NA,0.36582450547541,NA,NA,NA
"890",2022-06-17,"T055",NA,NA,NA,NA,NA
"891",2022-06-17,"T056",NA,0.320956239655738,NA,NA,NA
"892",2022-06-17,"T057",NA,NA,NA,NA,NA
"893",2022-06-17,"T058",NA,0.325815736393443,NA,NA,NA
"894",2022-06-17,"T060",NA,0.395318895311475,NA,NA,NA
"895",2022-06-17,"T062",NA,0.356196954655738,NA,NA,NA
"896",2022-06-17,"T074",NA,0.375619997918033,NA,NA,NA
"897",2022-06-17,"T103",NA,0.280325368,NA,NA,NA
"898",2022-06-17,"T110",NA,0.366279938229508,NA,NA,NA
"899",2022-06-17,"T112",NA,0.287666916016393,NA,NA,NA
"900",2022-06-17,"T113",NA,0.348035920196721,NA,NA,NA
"901",2022-06-17,"T114",NA,0.339844934770492,NA,NA,NA
"902",2022-06-17,"T115",NA,0.288392416196721,NA,NA,NA
"903",2022-06-17,"T116",NA,0.297025416852459,NA,NA,NA
"904",2022-06-17,"T129",NA,NA,NA,NA,NA
"905",2022-06-17,"T132",NA,0.405451987934426,NA,NA,NA
"906",2022-06-17,"T135",NA,0.297961273295082,NA,NA,NA
"907",2022-06-17,"T160",NA,0.842201761098361,NA,NA,NA
"908",2022-06-17,"T162",NA,0.429030584819672,NA,NA,NA
"909",2022-06-17,"T166",NA,0.296637771213115,NA,NA,NA
"910",2022-06-17,"T175",NA,0.353948978770492,NA,NA,NA
"911",2022-06-17,"T179",NA,0.321949708786885,NA,NA,NA
"912",2022-06-17,"T180",NA,0.309253296655738,NA,NA,NA
"913",2022-06-17,"T181",NA,0.363095597180328,NA,NA,NA
"914",2022-06-17,"T182",NA,0.323375400262295,NA,NA,NA
"915",2022-06-17,"T184",NA,0.394623918409836,NA,NA,NA
"916",2022-06-17,"T185",NA,0.305301676688525,NA,NA,NA
"917",2022-06-17,"T186",NA,0.331626351213115,NA,NA,NA
"918",2022-06-17,"T187",NA,0.356568511983607,NA,NA,NA
"919",2022-06-17,"T189",NA,0.386402218934426,NA,NA,NA
"920",2022-06-17,"T190",NA,0.297344893836066,NA,NA,NA
"921",2022-06-17,NA,NA,NA,805.389606557377,30.5826229508197,0.989350145737705
"922",2022-06-18,"C1",0.52044262295082,NA,NA,NA,NA
"923",2022-06-18,"C10",0.714655737704918,NA,NA,NA,NA
"924",2022-06-18,"C11",0.43772131147541,NA,NA,NA,NA
"925",2022-06-18,"C12",0.599491803278688,NA,NA,NA,NA
"926",2022-06-18,"C13",0.447344262295082,NA,NA,NA,NA
"927",2022-06-18,"C14",0.460918032786885,NA,NA,NA,NA
"928",2022-06-18,"C15",0.320803278688525,NA,NA,NA,NA
"929",2022-06-18,"C16",0.501491803278688,NA,NA,NA,NA
"930",2022-06-18,"C17",0.387754098360656,NA,NA,NA,NA
"931",2022-06-18,"C18",0.383590163934426,NA,NA,NA,NA
"932",2022-06-18,"C2",0.588,NA,NA,NA,NA
"933",2022-06-18,"C3",0.363540983606557,NA,NA,NA,NA
"934",2022-06-18,"C4",0.380393442622951,NA,NA,NA,NA
"935",2022-06-18,"C5",0.410852459016393,NA,NA,NA,NA
"936",2022-06-18,"C6",0.527327868852459,NA,NA,NA,NA
"937",2022-06-18,"C7",0.607229508196721,NA,NA,NA,NA
"938",2022-06-18,"C9",0.391114754098361,NA,NA,NA,NA
"939",2022-06-18,"T019",NA,0.378433862672131,NA,NA,NA
"940",2022-06-18,"T034",NA,0.293116656655738,NA,NA,NA
"941",2022-06-18,"T035",NA,0.315735423606557,NA,NA,NA
"942",2022-06-18,"T037",NA,NA,NA,NA,NA
"943",2022-06-18,"T039",NA,0.361595886754098,NA,NA,NA
"944",2022-06-18,"T055",NA,0.31874654504918,NA,NA,NA
"945",2022-06-18,"T056",NA,0.305101304081967,NA,NA,NA
"946",2022-06-18,"T057",NA,0.352696697672131,NA,NA,NA
"947",2022-06-18,"T058",NA,NA,NA,NA,NA
"948",2022-06-18,"T060",NA,0.388310305393443,NA,NA,NA
"949",2022-06-18,"T062",NA,0.345296010803279,NA,NA,NA
"950",2022-06-18,"T074",NA,0.366542692786885,NA,NA,NA
"951",2022-06-18,"T103",NA,0.270518683688525,NA,NA,NA
"952",2022-06-18,"T110",NA,NA,NA,NA,NA
"953",2022-06-18,"T112",NA,0.27639625895082,NA,NA,NA
"954",2022-06-18,"T113",NA,0.344883183459016,NA,NA,NA
"955",2022-06-18,"T114",NA,0.324830724754098,NA,NA,NA
"956",2022-06-18,"T115",NA,0.272879214163934,NA,NA,NA
"957",2022-06-18,"T116",NA,0.292512677278689,NA,NA,NA
"958",2022-06-18,"T129",NA,NA,NA,NA,NA
"959",2022-06-18,"T132",NA,0.399921487786885,NA,NA,NA
"960",2022-06-18,"T135",NA,0.285732757590164,NA,NA,NA
"961",2022-06-18,"T160",NA,0.84234833642623,NA,NA,NA
"962",2022-06-18,"T162",NA,0.425567718852459,NA,NA,NA
"963",2022-06-18,"T166",NA,0.289864019770492,NA,NA,NA
"964",2022-06-18,"T175",NA,0.348404679557377,NA,NA,NA
"965",2022-06-18,"T179",NA,0.315379700229508,NA,NA,NA
"966",2022-06-18,"T180",NA,0.296607247934426,NA,NA,NA
"967",2022-06-18,"T181",NA,0.357581757655738,NA,NA,NA
"968",2022-06-18,"T182",NA,0.315710877803279,NA,NA,NA
"969",2022-06-18,"T184",NA,0.390248851540984,NA,NA,NA
"970",2022-06-18,"T185",NA,0.297286072934426,NA,NA,NA
"971",2022-06-18,"T186",NA,0.325537338655738,NA,NA,NA
"972",2022-06-18,"T187",NA,0.353006191,NA,NA,NA
"973",2022-06-18,"T189",NA,0.381048308672131,NA,NA,NA
"974",2022-06-18,"T190",NA,0.289065263721311,NA,NA,NA
"975",2022-06-18,NA,NA,NA,789.326065573771,22.0170491803279,2.86698535377049
"976",2022-06-19,"C1",0.521606557377049,NA,NA,NA,NA
"977",2022-06-19,"C10",0.716819672131148,NA,NA,NA,NA
"978",2022-06-19,"C11",0.432754098360656,NA,NA,NA,NA
"979",2022-06-19,"C12",0.597770491803279,NA,NA,NA,NA
"980",2022-06-19,"C13",0.454066666666667,NA,NA,NA,NA
"981",2022-06-19,"C14",0.46335,NA,NA,NA,NA
"982",2022-06-19,"C15",0.324816666666667,NA,NA,NA,NA
"983",2022-06-19,"C16",0.50616393442623,NA,NA,NA,NA
"984",2022-06-19,"C17",0.386196721311475,NA,NA,NA,NA
"985",2022-06-19,"C18",0.380983606557377,NA,NA,NA,NA
"986",2022-06-19,"C2",0.589852459016393,NA,NA,NA,NA
"987",2022-06-19,"C3",0.3637,NA,NA,NA,NA
"988",2022-06-19,"C4",0.396786885245902,NA,NA,NA,NA
"989",2022-06-19,"C5",0.392163934426229,NA,NA,NA,NA
"990",2022-06-19,"C6",0.5402,NA,NA,NA,NA
"991",2022-06-19,"C7",0.604983606557377,NA,NA,NA,NA
"992",2022-06-19,"C9",0.399366666666667,NA,NA,NA,NA
"993",2022-06-19,"T019",NA,0.374134022967213,NA,NA,NA
"994",2022-06-19,"T034",NA,0.28539761305,NA,NA,NA
"995",2022-06-19,"T035",NA,0.308705721754098,NA,NA,NA
"996",2022-06-19,"T037",NA,NA,NA,NA,NA
"997",2022-06-19,"T039",NA,NA,NA,NA,NA
"998",2022-06-19,"T055",NA,0.31509252704918,NA,NA,NA
"999",2022-06-19,"T056",NA,0.297584755934426,NA,NA,NA
"1000",2022-06-19,"T057",NA,0.347525736311475,NA,NA,NA
"1001",2022-06-19,"T058",NA,0.307659663557377,NA,NA,NA
"1002",2022-06-19,"T060",NA,0.380430530229508,NA,NA,NA
"1003",2022-06-19,"T062",NA,NA,NA,NA,NA
"1004",2022-06-19,"T074",NA,NA,NA,NA,NA
"1005",2022-06-19,"T103",NA,0.263410702344262,NA,NA,NA
"1006",2022-06-19,"T110",NA,0.352270834344262,NA,NA,NA
"1007",2022-06-19,"T112",NA,0.2696382058,NA,NA,NA
"1008",2022-06-19,"T113",NA,0.340813095016393,NA,NA,NA
"1009",2022-06-19,"T114",NA,0.31733419585,NA,NA,NA
"1010",2022-06-19,"T115",NA,0.26127437065,NA,NA,NA
"1011",2022-06-19,"T116",NA,0.28812273985,NA,NA,NA
"1012",2022-06-19,"T129",NA,0.390966720901639,NA,NA,NA
"1013",2022-06-19,"T132",NA,0.394736091459016,NA,NA,NA
"1014",2022-06-19,"T135",NA,0.279296097606557,NA,NA,NA
"1015",2022-06-19,"T160",NA,0.843128142606557,NA,NA,NA
"1016",2022-06-19,"T162",NA,0.421285239262295,NA,NA,NA
"1017",2022-06-19,"T166",NA,0.284013533918033,NA,NA,NA
"1018",2022-06-19,"T175",NA,0.344045001508197,NA,NA,NA
"1019",2022-06-19,"T179",NA,0.309644821295082,NA,NA,NA
"1020",2022-06-19,"T180",NA,0.27860057065,NA,NA,NA
"1021",2022-06-19,"T181",NA,0.352986796,NA,NA,NA
"1022",2022-06-19,"T182",NA,0.309968940360656,NA,NA,NA
"1023",2022-06-19,"T184",NA,0.386115300114754,NA,NA,NA
"1024",2022-06-19,"T185",NA,0.2901384622,NA,NA,NA
"1025",2022-06-19,"T186",NA,0.319319873967213,NA,NA,NA
"1026",2022-06-19,"T187",NA,0.35062626552459,NA,NA,NA
"1027",2022-06-19,"T189",NA,0.377198115016393,NA,NA,NA
"1028",2022-06-19,"T190",NA,0.282473570918033,NA,NA,NA
"1029",2022-06-19,NA,NA,NA,928.552475409836,20.7224590163934,2.39923616622951
"1030",2022-06-20,"C1",0.526688524590164,NA,NA,NA,NA
"1031",2022-06-20,"C10",0.71472131147541,NA,NA,NA,NA
"1032",2022-06-20,"C11",0.421196721311475,NA,NA,NA,NA
"1033",2022-06-20,"C12",0.599032786885246,NA,NA,NA,NA
"1034",2022-06-20,"C13",0.454983606557377,NA,NA,NA,NA
"1035",2022-06-20,"C14",0.465491803278689,NA,NA,NA,NA
"1036",2022-06-20,"C15",0.325688524590164,NA,NA,NA,NA
"1037",2022-06-20,"C16",0.513622950819672,NA,NA,NA,NA
"1038",2022-06-20,"C17",0.386934426229508,NA,NA,NA,NA
"1039",2022-06-20,"C18",0.384377049180328,NA,NA,NA,NA
"1040",2022-06-20,"C2",0.593918032786885,NA,NA,NA,NA
"1041",2022-06-20,"C3",0.349426229508197,NA,NA,NA,NA
"1042",2022-06-20,"C4",0.387098360655738,NA,NA,NA,NA
"1043",2022-06-20,"C5",0.395819672131148,NA,NA,NA,NA
"1044",2022-06-20,"C6",0.55955737704918,NA,NA,NA,NA
"1045",2022-06-20,"C7",0.608688524590164,NA,NA,NA,NA
"1046",2022-06-20,"C9",0.416590163934426,NA,NA,NA,NA
"1047",2022-06-20,"T019",NA,0.369259137409836,NA,NA,NA
"1048",2022-06-20,"T034",NA,0.277543934229508,NA,NA,NA
"1049",2022-06-20,"T035",NA,NA,NA,NA,NA
"1050",2022-06-20,"T037",NA,0.374438111131148,NA,NA,NA
"1051",2022-06-20,"T039",NA,NA,NA,NA,NA
"1052",2022-06-20,"T055",NA,0.312183785770492,NA,NA,NA
"1053",2022-06-20,"T056",NA,0.292743891114754,NA,NA,NA
"1054",2022-06-20,"T057",NA,0.341294154606557,NA,NA,NA
"1055",2022-06-20,"T058",NA,0.299310211442623,NA,NA,NA
"1056",2022-06-20,"T060",NA,0.369725825622951,NA,NA,NA
"1057",2022-06-20,"T062",NA,0.32144066952459,NA,NA,NA
"1058",2022-06-20,"T074",NA,0.35384437295082,NA,NA,NA
"1059",2022-06-20,"T103",NA,0.255467337016393,NA,NA,NA
"1060",2022-06-20,"T110",NA,0.346260673590164,NA,NA,NA
"1061",2022-06-20,"T112",NA,0.264230570327869,NA,NA,NA
"1062",2022-06-20,"T113",NA,0.335818087639344,NA,NA,NA
"1063",2022-06-20,"T114",NA,0.31208096047541,NA,NA,NA
"1064",2022-06-20,"T115",NA,0.252058713459016,NA,NA,NA
"1065",2022-06-20,"T116",NA,NA,NA,NA,NA
"1066",2022-06-20,"T129",NA,0.383580914131148,NA,NA,NA
"1067",2022-06-20,"T132",NA,0.388110441508197,NA,NA,NA
"1068",2022-06-20,"T135",NA,0.273232648295082,NA,NA,NA
"1069",2022-06-20,"T160",NA,0.843591651311475,NA,NA,NA
"1070",2022-06-20,"T162",NA,0.41653079347541,NA,NA,NA
"1071",2022-06-20,"T166",NA,0.276365990032787,NA,NA,NA
"1072",2022-06-20,"T175",NA,0.339251638540984,NA,NA,NA
"1073",2022-06-20,"T179",NA,0.303050521295082,NA,NA,NA
"1074",2022-06-20,"T180",NA,0.264170731983607,NA,NA,NA
"1075",2022-06-20,"T181",NA,0.348038336622951,NA,NA,NA
"1076",2022-06-20,"T182",NA,0.303038566344262,NA,NA,NA
"1077",2022-06-20,"T184",NA,0.38085531252459,NA,NA,NA
"1078",2022-06-20,"T185",NA,0.283676251688525,NA,NA,NA
"1079",2022-06-20,"T186",NA,0.312156632770492,NA,NA,NA
"1080",2022-06-20,"T187",NA,0.347829697295082,NA,NA,NA
"1081",2022-06-20,"T189",NA,0.371847129901639,NA,NA,NA
"1082",2022-06-20,"T190",NA,0.274956704819672,NA,NA,NA
"1083",2022-06-20,NA,NA,NA,920.587344262295,22.2109836065574,1.02326451027869
"1084",2022-06-21,"C1",0.537754098360656,NA,NA,NA,NA
"1085",2022-06-21,"C10",0.735770491803279,NA,NA,NA,NA
"1086",2022-06-21,"C11",0.434131147540984,NA,NA,NA,NA
"1087",2022-06-21,"C12",0.614147540983607,NA,NA,NA,NA
"1088",2022-06-21,"C13",0.459163934426229,NA,NA,NA,NA
"1089",2022-06-21,"C14",0.482426229508197,NA,NA,NA,NA
"1090",2022-06-21,"C15",0.335409836065574,NA,NA,NA,NA
"1091",2022-06-21,"C16",0.530213114754098,NA,NA,NA,NA
"1092",2022-06-21,"C17",0.403934426229508,NA,NA,NA,NA
"1093",2022-06-21,"C18",0.394426229508197,NA,NA,NA,NA
"1094",2022-06-21,"C2",0.598081967213115,NA,NA,NA,NA
"1095",2022-06-21,"C3",0.338114754098361,NA,NA,NA,NA
"1096",2022-06-21,"C4",0.369016393442623,NA,NA,NA,NA
"1097",2022-06-21,"C5",0.406868852459016,NA,NA,NA,NA
"1098",2022-06-21,"C6",0.568295081967213,NA,NA,NA,NA
"1099",2022-06-21,"C7",0.627147540983607,NA,NA,NA,NA
"1100",2022-06-21,"C9",0.467950819672131,NA,NA,NA,NA
"1101",2022-06-21,"T019",NA,0.364643954081967,NA,NA,NA
"1102",2022-06-21,"T034",NA,0.271583310213115,NA,NA,NA
"1103",2022-06-21,"T035",NA,0.295470255803279,NA,NA,NA
"1104",2022-06-21,"T037",NA,0.363955781327869,NA,NA,NA
"1105",2022-06-21,"T039",NA,0.34430203295082,NA,NA,NA
"1106",2022-06-21,"T055",NA,NA,NA,NA,NA
"1107",2022-06-21,"T056",NA,0.290046714311475,NA,NA,NA
"1108",2022-06-21,"T057",NA,0.333962272295082,NA,NA,NA
"1109",2022-06-21,"T058",NA,0.292643545836066,NA,NA,NA
"1110",2022-06-21,"T060",NA,0.361065862737705,NA,NA,NA
"1111",2022-06-21,"T062",NA,0.314236158311475,NA,NA,NA
"1112",2022-06-21,"T074",NA,0.349560557967213,NA,NA,NA
"1113",2022-06-21,"T103",NA,0.249907648983607,NA,NA,NA
"1114",2022-06-21,"T110",NA,NA,NA,NA,NA
"1115",2022-06-21,"T112",NA,0.260809292327869,NA,NA,NA
"1116",2022-06-21,"T113",NA,0.331594556131148,NA,NA,NA
"1117",2022-06-21,"T114",NA,0.309166496081967,NA,NA,NA
"1118",2022-06-21,"T115",NA,0.245742684016393,NA,NA,NA
"1119",2022-06-21,"T116",NA,0.277935458868852,NA,NA,NA
"1120",2022-06-21,"T129",NA,0.374293888639344,NA,NA,NA
"1121",2022-06-21,"T132",NA,0.382384592377049,NA,NA,NA
"1122",2022-06-21,"T135",NA,0.269157790590164,NA,NA,NA
"1123",2022-06-21,"T160",NA,0.843770657622951,NA,NA,NA
"1124",2022-06-21,"T162",NA,0.411773041,NA,NA,NA
"1125",2022-06-21,"T166",NA,0.268190520606557,NA,NA,NA
"1126",2022-06-21,"T175",NA,0.333435809327869,NA,NA,NA
"1127",2022-06-21,"T179",NA,0.297221338147541,NA,NA,NA
"1128",2022-06-21,"T180",NA,0.254909778459016,NA,NA,NA
"1129",2022-06-21,"T181",NA,0.343401787,NA,NA,NA
"1130",2022-06-21,"T182",NA,0.296011916819672,NA,NA,NA
"1131",2022-06-21,"T184",NA,0.376203755622951,NA,NA,NA
"1132",2022-06-21,"T185",NA,0.278637049147541,NA,NA,NA
"1133",2022-06-21,"T186",NA,0.304680718737705,NA,NA,NA
"1134",2022-06-21,"T187",NA,0.345240433,NA,NA,NA
"1135",2022-06-21,"T189",NA,0.366189258655738,NA,NA,NA
"1136",2022-06-21,"T190",NA,0.26819039342623,NA,NA,NA
"1137",2022-06-21,NA,NA,NA,562.239803278689,22.7180327868852,0.421367846721312
"1138",2022-06-22,"C1",0.545901639344262,NA,NA,NA,NA
"1139",2022-06-22,"C10",0.738311475409836,NA,NA,NA,NA
"1140",2022-06-22,"C11",0.431147540983607,NA,NA,NA,NA
"1141",2022-06-22,"C12",0.609639344262295,NA,NA,NA,NA
"1142",2022-06-22,"C13",0.474606557377049,NA,NA,NA,NA
"1143",2022-06-22,"C14",0.495,NA,NA,NA,NA
"1144",2022-06-22,"C15",0.345049180327869,NA,NA,NA,NA
"1145",2022-06-22,"C16",0.544262295081967,NA,NA,NA,NA
"1146",2022-06-22,"C17",0.420147540983607,NA,NA,NA,NA
"1147",2022-06-22,"C18",0.405524590163934,NA,NA,NA,NA
"1148",2022-06-22,"C2",0.589934426229508,NA,NA,NA,NA
"1149",2022-06-22,"C3",0.359262295081967,NA,NA,NA,NA
"1150",2022-06-22,"C4",0.358803278688525,NA,NA,NA,NA
"1151",2022-06-22,"C5",0.419245901639344,NA,NA,NA,NA
"1152",2022-06-22,"C6",0.585606557377049,NA,NA,NA,NA
"1153",2022-06-22,"C7",0.636081967213115,NA,NA,NA,NA
"1154",2022-06-22,"C9",0.479786885245902,NA,NA,NA,NA
"1155",2022-06-22,"T019",NA,0.361380061737705,NA,NA,NA
"1156",2022-06-22,"T034",NA,0.266723749885246,NA,NA,NA
"1157",2022-06-22,"T035",NA,0.290826584081967,NA,NA,NA
"1158",2022-06-22,"T037",NA,0.356833619377049,NA,NA,NA
"1159",2022-06-22,"T039",NA,0.337623158032787,NA,NA,NA
"1160",2022-06-22,"T055",NA,0.309918259,NA,NA,NA
"1161",2022-06-22,"T056",NA,0.288014817803279,NA,NA,NA
"1162",2022-06-22,"T057",NA,0.326505753262295,NA,NA,NA
"1163",2022-06-22,"T058",NA,0.287257395360656,NA,NA,NA
"1164",2022-06-22,"T060",NA,NA,NA,NA,NA
"1165",2022-06-22,"T062",NA,0.310298591770492,NA,NA,NA
"1166",2022-06-22,"T074",NA,0.34618722695082,NA,NA,NA
"1167",2022-06-22,"T103",NA,0.245368964622951,NA,NA,NA
"1168",2022-06-22,"T110",NA,NA,NA,NA,NA
"1169",2022-06-22,"T112",NA,0.257605174737705,NA,NA,NA
"1170",2022-06-22,"T113",NA,0.329110915098361,NA,NA,NA
"1171",2022-06-22,"T114",NA,0.308899163032787,NA,NA,NA
"1172",2022-06-22,"T115",NA,0.242276066229508,NA,NA,NA
"1173",2022-06-22,"T116",NA,0.274426235672131,NA,NA,NA
"1174",2022-06-22,"T129",NA,NA,NA,NA,NA
"1175",2022-06-22,"T132",NA,0.380088542327869,NA,NA,NA
"1176",2022-06-22,"T135",NA,0.266154363557377,NA,NA,NA
"1177",2022-06-22,"T160",NA,0.843424409180328,NA,NA,NA
"1178",2022-06-22,"T162",NA,0.407739580491803,NA,NA,NA
"1179",2022-06-22,"T166",NA,0.264433740901639,NA,NA,NA
"1180",2022-06-22,"T175",NA,0.327781689901639,NA,NA,NA
"1181",2022-06-22,"T179",NA,0.293234425639344,NA,NA,NA
"1182",2022-06-22,"T180",NA,0.251860630098361,NA,NA,NA
"1183",2022-06-22,"T181",NA,0.338909014737705,NA,NA,NA
"1184",2022-06-22,"T182",NA,0.290405871557377,NA,NA,NA
"1185",2022-06-22,"T184",NA,0.374361167032787,NA,NA,NA
"1186",2022-06-22,"T185",NA,0.275253162163934,NA,NA,NA
"1187",2022-06-22,"T186",NA,0.302360949557377,NA,NA,NA
"1188",2022-06-22,"T187",NA,0.344609173442623,NA,NA,NA
"1189",2022-06-22,"T189",NA,0.363325412032787,NA,NA,NA
"1190",2022-06-22,"T190",NA,0.265574230491803,NA,NA,NA
"1191",2022-06-22,NA,NA,NA,506.803409836066,23.4895081967213,1.02952297840984
"1192",2022-06-23,"C1",0.483032786885246,NA,NA,NA,NA
"1193",2022-06-23,"C10",0.753508196721312,NA,NA,NA,NA
"1194",2022-06-23,"C11",0.416639344262295,NA,NA,NA,NA
"1195",2022-06-23,"C12",0.62272131147541,NA,NA,NA,NA
"1196",2022-06-23,"C13",0.506245901639344,NA,NA,NA,NA
"1197",2022-06-23,"C14",0.50755737704918,NA,NA,NA,NA
"1198",2022-06-23,"C15",0.370344262295082,NA,NA,NA,NA
"1199",2022-06-23,"C16",0.573147540983607,NA,NA,NA,NA
"1200",2022-06-23,"C17",0.461606557377049,NA,NA,NA,NA
"1201",2022-06-23,"C18",0.411885245901639,NA,NA,NA,NA
"1202",2022-06-23,"C2",0.584360655737705,NA,NA,NA,NA
"1203",2022-06-23,"C3",0.403180327868852,NA,NA,NA,NA
"1204",2022-06-23,"C4",0.378229508196721,NA,NA,NA,NA
"1205",2022-06-23,"C5",0.444295081967213,NA,NA,NA,NA
"1206",2022-06-23,"C6",0.546360655737705,NA,NA,NA,NA
"1207",2022-06-23,"C7",0.642180327868852,NA,NA,NA,NA
"1208",2022-06-23,"C9",0.434311475409836,NA,NA,NA,NA
"1209",2022-06-23,"T019",NA,0.398078136114754,NA,NA,NA
"1210",2022-06-23,"T034",NA,0.295718066672131,NA,NA,NA
"1211",2022-06-23,"T035",NA,0.338128636245902,NA,NA,NA
"1212",2022-06-23,"T037",NA,NA,NA,NA,NA
"1213",2022-06-23,"T039",NA,NA,NA,NA,NA
"1214",2022-06-23,"T055",NA,0.313802282622951,NA,NA,NA
"1215",2022-06-23,"T056",NA,NA,NA,NA,NA
"1216",2022-06-23,"T057",NA,0.368447091016393,NA,NA,NA
"1217",2022-06-23,"T058",NA,0.339578746344262,NA,NA,NA
"1218",2022-06-23,"T060",NA,0.400901348622951,NA,NA,NA
"1219",2022-06-23,"T062",NA,0.340724450327869,NA,NA,NA
"1220",2022-06-23,"T074",NA,0.394008302032787,NA,NA,NA
"1221",2022-06-23,"T103",NA,0.252642916295082,NA,NA,NA
"1222",2022-06-23,"T110",NA,0.370678915,NA,NA,NA
"1223",2022-06-23,"T112",NA,0.302000711278689,NA,NA,NA
"1224",2022-06-23,"T113",NA,0.360655388229508,NA,NA,NA
"1225",2022-06-23,"T114",NA,NA,NA,NA,NA
"1226",2022-06-23,"T115",NA,NA,NA,NA,NA
"1227",2022-06-23,"T116",NA,0.316589121557377,NA,NA,NA
"1228",2022-06-23,"T129",NA,0.39630212642623,NA,NA,NA
"1229",2022-06-23,"T132",NA,0.422345605245902,NA,NA,NA
"1230",2022-06-23,"T135",NA,0.282631401704918,NA,NA,NA
"1231",2022-06-23,"T160",NA,0.843348100983607,NA,NA,NA
"1232",2022-06-23,"T162",NA,0.456660256688525,NA,NA,NA
"1233",2022-06-23,"T166",NA,0.310198882393443,NA,NA,NA
"1234",2022-06-23,"T175",NA,0.407900590786885,NA,NA,NA
"1235",2022-06-23,"T179",NA,0.340901803295082,NA,NA,NA
"1236",2022-06-23,"T180",NA,0.371510674344262,NA,NA,NA
"1237",2022-06-23,"T181",NA,0.375165836967213,NA,NA,NA
"1238",2022-06-23,"T182",NA,0.342666303163934,NA,NA,NA
"1239",2022-06-23,"T184",NA,0.421352136114754,NA,NA,NA
"1240",2022-06-23,"T185",NA,0.331457137786885,NA,NA,NA
"1241",2022-06-23,"T186",NA,0.363427728606557,NA,NA,NA
"1242",2022-06-23,"T187",NA,0.367850297327869,NA,NA,NA
"1243",2022-06-23,"T189",NA,0.393621928196721,NA,NA,NA
"1244",2022-06-23,"T190",NA,0.320012434442623,NA,NA,NA
"1245",2022-06-23,NA,NA,NA,294.294229508197,19.6927868852459,0.919052515901639
"1246",2022-06-24,"C1",0.460868852459016,NA,NA,NA,NA
"1247",2022-06-24,"C10",0.737639344262295,NA,NA,NA,NA
"1248",2022-06-24,"C11",0.412606557377049,NA,NA,NA,NA
"1249",2022-06-24,"C12",0.613967213114754,NA,NA,NA,NA
"1250",2022-06-24,"C13",0.474213114754098,NA,NA,NA,NA
"1251",2022-06-24,"C14",0.472081967213115,NA,NA,NA,NA
"1252",2022-06-24,"C15",0.336524590163934,NA,NA,NA,NA
"1253",2022-06-24,"C16",0.542032786885246,NA,NA,NA,NA
"1254",2022-06-24,"C17",0.402868852459016,NA,NA,NA,NA
"1255",2022-06-24,"C18",0.373639344262295,NA,NA,NA,NA
"1256",2022-06-24,"C2",0.55527868852459,NA,NA,NA,NA
"1257",2022-06-24,"C3",0.333049180327869,NA,NA,NA,NA
"1258",2022-06-24,"C4",0.338131147540984,NA,NA,NA,NA
"1259",2022-06-24,"C5",0.403983606557377,NA,NA,NA,NA
"1260",2022-06-24,"C6",0.50072131147541,NA,NA,NA,NA
"1261",2022-06-24,"C7",0.623639344262295,NA,NA,NA,NA
"1262",2022-06-24,"C9",0.434360655737705,NA,NA,NA,NA
"1263",2022-06-24,"T019",NA,0.391174533557377,NA,NA,NA
"1264",2022-06-24,"T034",NA,NA,NA,NA,NA
"1265",2022-06-24,"T035",NA,0.333141323278689,NA,NA,NA
"1266",2022-06-24,"T037",NA,NA,NA,NA,NA
"1267",2022-06-24,"T039",NA,NA,NA,NA,NA
"1268",2022-06-24,"T055",NA,NA,NA,NA,NA
"1269",2022-06-24,"T056",NA,0.340950068229508,NA,NA,NA
"1270",2022-06-24,"T057",NA,0.363729591114754,NA,NA,NA
"1271",2022-06-24,"T058",NA,NA,NA,NA,NA
"1272",2022-06-24,"T060",NA,0.398390045868852,NA,NA,NA
"1273",2022-06-24,"T062",NA,NA,NA,NA,NA
"1274",2022-06-24,"T074",NA,NA,NA,NA,NA
"1275",2022-06-24,"T103",NA,NA,NA,NA,NA
"1276",2022-06-24,"T110",NA,0.366234598442623,NA,NA,NA
"1277",2022-06-24,"T112",NA,NA,NA,NA,NA
"1278",2022-06-24,"T113",NA,0.350984023786885,NA,NA,NA
"1279",2022-06-24,"T114",NA,NA,NA,NA,NA
"1280",2022-06-24,"T115",NA,NA,NA,NA,NA
"1281",2022-06-24,"T116",NA,NA,NA,NA,NA
"1282",2022-06-24,"T129",NA,0.40580472257377,NA,NA,NA
"1283",2022-06-24,"T132",NA,0.412636976967213,NA,NA,NA
"1284",2022-06-24,"T135",NA,0.294232282491803,NA,NA,NA
"1285",2022-06-24,"T160",NA,0.843420339409836,NA,NA,NA
"1286",2022-06-24,"T162",NA,0.445290526147541,NA,NA,NA
"1287",2022-06-24,"T166",NA,0.296194166229508,NA,NA,NA
"1288",2022-06-24,"T175",NA,0.357057838295082,NA,NA,NA
"1289",2022-06-24,"T179",NA,0.326415900360656,NA,NA,NA
"1290",2022-06-24,"T180",NA,NA,NA,NA,NA
"1291",2022-06-24,"T181",NA,NA,NA,NA,NA
"1292",2022-06-24,"T182",NA,0.328936550868852,NA,NA,NA
"1293",2022-06-24,"T184",NA,0.400358161442623,NA,NA,NA
"1294",2022-06-24,"T185",NA,NA,NA,NA,NA
"1295",2022-06-24,"T186",NA,0.341676013540984,NA,NA,NA
"1296",2022-06-24,"T187",NA,0.359623955770492,NA,NA,NA
"1297",2022-06-24,"T189",NA,0.38469971947541,NA,NA,NA
"1298",2022-06-24,"T190",NA,0.292237713409836,NA,NA,NA
"1299",2022-06-24,NA,NA,NA,795.239704918033,22.9973770491803,0.868087156229508
"1300",2022-06-25,"C1",0.47272131147541,NA,NA,NA,NA
"1301",2022-06-25,"C10",0.719016393442623,NA,NA,NA,NA
"1302",2022-06-25,"C11",0.412180327868852,NA,NA,NA,NA
"1303",2022-06-25,"C12",0.604934426229508,NA,NA,NA,NA
"1304",2022-06-25,"C13",0.460786885245902,NA,NA,NA,NA
"1305",2022-06-25,"C14",0.467393442622951,NA,NA,NA,NA
"1306",2022-06-25,"C15",0.330868852459016,NA,NA,NA,NA
"1307",2022-06-25,"C16",0.539590163934426,NA,NA,NA,NA
"1308",2022-06-25,"C17",0.390098360655738,NA,NA,NA,NA
"1309",2022-06-25,"C18",0.376967213114754,NA,NA,NA,NA
"1310",2022-06-25,"C2",0.546901639344262,NA,NA,NA,NA
"1311",2022-06-25,"C3",0.322016393442623,NA,NA,NA,NA
"1312",2022-06-25,"C4",0.358213114754098,NA,NA,NA,NA
"1313",2022-06-25,"C5",0.408737704918033,NA,NA,NA,NA
"1314",2022-06-25,"C6",0.495704918032787,NA,NA,NA,NA
"1315",2022-06-25,"C7",0.609491803278689,NA,NA,NA,NA
"1316",2022-06-25,"C9",0.413819672131148,NA,NA,NA,NA
"1317",2022-06-25,"T019",NA,0.38649118157377,NA,NA,NA
"1318",2022-06-25,"T034",NA,0.305928802885246,NA,NA,NA
"1319",2022-06-25,"T035",NA,0.325108486590164,NA,NA,NA
"1320",2022-06-25,"T037",NA,0.405893112901639,NA,NA,NA
"1321",2022-06-25,"T039",NA,0.365154583098361,NA,NA,NA
"1322",2022-06-25,"T055",NA,0.312008467688525,NA,NA,NA
"1323",2022-06-25,"T056",NA,0.32017611552459,NA,NA,NA
"1324",2022-06-25,"T057",NA,NA,NA,NA,NA
"1325",2022-06-25,"T058",NA,0.330289622377049,NA,NA,NA
"1326",2022-06-25,"T060",NA,0.392139577885246,NA,NA,NA
"1327",2022-06-25,"T062",NA,0.320508692081967,NA,NA,NA
"1328",2022-06-25,"T074",NA,0.37517047904918,NA,NA,NA
"1329",2022-06-25,"T103",NA,0.252713374196721,NA,NA,NA
"1330",2022-06-25,"T110",NA,0.358224272672131,NA,NA,NA
"1331",2022-06-25,"T112",NA,0.290470860704918,NA,NA,NA
"1332",2022-06-25,"T113",NA,0.346734674672131,NA,NA,NA
"1333",2022-06-25,"T114",NA,0.342172970672131,NA,NA,NA
"1334",2022-06-25,"T115",NA,0.288873539377049,NA,NA,NA
"1335",2022-06-25,"T116",NA,0.298912836508197,NA,NA,NA
"1336",2022-06-25,"T129",NA,NA,NA,NA,NA
"1337",2022-06-25,"T132",NA,0.406908393459016,NA,NA,NA
"1338",2022-06-25,"T135",NA,0.287362319131148,NA,NA,NA
"1339",2022-06-25,"T160",NA,0.843162417704918,NA,NA,NA
"1340",2022-06-25,"T162",NA,0.429590241852459,NA,NA,NA
"1341",2022-06-25,"T166",NA,0.287075909032787,NA,NA,NA
"1342",2022-06-25,"T175",NA,0.352089284426229,NA,NA,NA
"1343",2022-06-25,"T179",NA,0.320443893704918,NA,NA,NA
"1344",2022-06-25,"T180",NA,0.31304263452459,NA,NA,NA
"1345",2022-06-25,"T181",NA,0.361688283262295,NA,NA,NA
"1346",2022-06-25,"T182",NA,0.318476604803279,NA,NA,NA
"1347",2022-06-25,"T184",NA,0.395617387540984,NA,NA,NA
"1348",2022-06-25,"T185",NA,0.308497336786885,NA,NA,NA
"1349",2022-06-25,"T186",NA,0.331258927245902,NA,NA,NA
"1350",2022-06-25,"T187",NA,0.354444282557377,NA,NA,NA
"1351",2022-06-25,"T189",NA,0.381114060901639,NA,NA,NA
"1352",2022-06-25,"T190",NA,0.282038677786885,NA,NA,NA
"1353",2022-06-25,NA,NA,NA,893.657754098361,25.8852459016393,1.04806083271475
"1354",2022-06-26,"C1",0.484918032786885,NA,NA,NA,NA
"1355",2022-06-26,"C10",0.712459016393443,NA,NA,NA,NA
"1356",2022-06-26,"C11",0.419672131147541,NA,NA,NA,NA
"1357",2022-06-26,"C12",0.598672131147541,NA,NA,NA,NA
"1358",2022-06-26,"C13",0.457311475409836,NA,NA,NA,NA
"1359",2022-06-26,"C14",0.463360655737705,NA,NA,NA,NA
"1360",2022-06-26,"C15",0.324786885245902,NA,NA,NA,NA
"1361",2022-06-26,"C16",0.541819672131148,NA,NA,NA,NA
"1362",2022-06-26,"C17",0.384754098360656,NA,NA,NA,NA
"1363",2022-06-26,"C18",0.378393442622951,NA,NA,NA,NA
"1364",2022-06-26,"C2",0.543688524590164,NA,NA,NA,NA
"1365",2022-06-26,"C3",0.317852459016393,NA,NA,NA,NA
"1366",2022-06-26,"C4",0.368049180327869,NA,NA,NA,NA
"1367",2022-06-26,"C5",0.407491803278689,NA,NA,NA,NA
"1368",2022-06-26,"C6",0.495475409836066,NA,NA,NA,NA
"1369",2022-06-26,"C7",0.605344262295082,NA,NA,NA,NA
"1370",2022-06-26,"C9",0.40072131147541,NA,NA,NA,NA
"1371",2022-06-26,"T019",NA,0.380985163639344,NA,NA,NA
"1372",2022-06-26,"T034",NA,0.296131466327869,NA,NA,NA
"1373",2022-06-26,"T035",NA,0.31678974852459,NA,NA,NA
"1374",2022-06-26,"T037",NA,0.397859767491803,NA,NA,NA
"1375",2022-06-26,"T039",NA,0.361065926327869,NA,NA,NA
"1376",2022-06-26,"T055",NA,0.310947338622951,NA,NA,NA
"1377",2022-06-26,"T056",NA,0.304289957180328,NA,NA,NA
"1378",2022-06-26,"T057",NA,0.353841193442623,NA,NA,NA
"1379",2022-06-26,"T058",NA,NA,NA,NA,NA
"1380",2022-06-26,"T060",NA,NA,NA,NA,NA
"1381",2022-06-26,"T062",NA,0.310692342065574,NA,NA,NA
"1382",2022-06-26,"T074",NA,0.367209117704918,NA,NA,NA
"1383",2022-06-26,"T103",NA,0.246998844114754,NA,NA,NA
"1384",2022-06-26,"T110",NA,NA,NA,NA,NA
"1385",2022-06-26,"T112",NA,0.278150139262295,NA,NA,NA
"1386",2022-06-26,"T113",NA,NA,NA,NA,NA
"1387",2022-06-26,"T114",NA,0.328612050262295,NA,NA,NA
"1388",2022-06-26,"T115",NA,0.274043359295082,NA,NA,NA
"1389",2022-06-26,"T116",NA,0.294076995311475,NA,NA,NA
"1390",2022-06-26,"T129",NA,0.39361575995082,NA,NA,NA
"1391",2022-06-26,"T132",NA,NA,NA,NA,NA
"1392",2022-06-26,"T135",NA,0.279985287803279,NA,NA,NA
"1393",2022-06-26,"T160",NA,0.842689116114754,NA,NA,NA
"1394",2022-06-26,"T162",NA,0.425696997655738,NA,NA,NA
"1395",2022-06-26,"T166",NA,0.277150311114754,NA,NA,NA
"1396",2022-06-26,"T175",NA,0.345693576508197,NA,NA,NA
"1397",2022-06-26,"T179",NA,0.313405289229508,NA,NA,NA
"1398",2022-06-26,"T180",NA,0.301514818836066,NA,NA,NA
"1399",2022-06-26,"T181",NA,0.356291704,NA,NA,NA
"1400",2022-06-26,"T182",NA,0.308204822032787,NA,NA,NA
"1401",2022-06-26,"T184",NA,0.391191257770492,NA,NA,NA
"1402",2022-06-26,"T185",NA,0.300701818590164,NA,NA,NA
"1403",2022-06-26,"T186",NA,0.322951953360656,NA,NA,NA
"1404",2022-06-26,"T187",NA,0.351244552688525,NA,NA,NA
"1405",2022-06-26,"T189",NA,0.377270162672131,NA,NA,NA
"1406",2022-06-26,"T190",NA,0.273491778213115,NA,NA,NA
"1407",2022-06-26,NA,NA,NA,859.341950819672,26.4573770491803,1.34322645737705
"1408",2022-06-27,"C1",0.507311475409836,NA,NA,NA,NA
"1409",2022-06-27,"C10",0.756426229508197,NA,NA,NA,NA
"1410",2022-06-27,"C11",0.432508196721311,NA,NA,NA,NA
"1411",2022-06-27,"C12",0.628213114754098,NA,NA,NA,NA
"1412",2022-06-27,"C13",0.447983606557377,NA,NA,NA,NA
"1413",2022-06-27,"C14",0.493508196721311,NA,NA,NA,NA
"1414",2022-06-27,"C15",0.352311475409836,NA,NA,NA,NA
"1415",2022-06-27,"C16",0.566885245901639,NA,NA,NA,NA
"1416",2022-06-27,"C17",0.425147540983607,NA,NA,NA,NA
"1417",2022-06-27,"C18",0.398426229508197,NA,NA,NA,NA
"1418",2022-06-27,"C2",0.559540983606557,NA,NA,NA,NA
"1419",2022-06-27,"C3",0.344196721311475,NA,NA,NA,NA
"1420",2022-06-27,"C4",0.34083606557377,NA,NA,NA,NA
"1421",2022-06-27,"C5",0.409131147540984,NA,NA,NA,NA
"1422",2022-06-27,"C6",0.513229508196721,NA,NA,NA,NA
"1423",2022-06-27,"C7",0.642606557377049,NA,NA,NA,NA
"1424",2022-06-27,"C9",0.430016393442623,NA,NA,NA,NA
"1425",2022-06-27,"T019",NA,0.387026356393443,NA,NA,NA
"1426",2022-06-27,"T034",NA,0.290023885442623,NA,NA,NA
"1427",2022-06-27,"T035",NA,0.320821937229508,NA,NA,NA
"1428",2022-06-27,"T037",NA,0.395649945704918,NA,NA,NA
"1429",2022-06-27,"T039",NA,0.380704794606557,NA,NA,NA
"1430",2022-06-27,"T055",NA,NA,NA,NA,NA
"1431",2022-06-27,"T056",NA,NA,NA,NA,NA
"1432",2022-06-27,"T057",NA,0.35208896647541,NA,NA,NA
"1433",2022-06-27,"T058",NA,0.326661612754098,NA,NA,NA
"1434",2022-06-27,"T060",NA,0.397584294901639,NA,NA,NA
"1435",2022-06-27,"T062",NA,0.32557568352459,NA,NA,NA
"1436",2022-06-27,"T074",NA,0.36944895404918,NA,NA,NA
"1437",2022-06-27,"T103",NA,0.248327560590164,NA,NA,NA
"1438",2022-06-27,"T110",NA,NA,NA,NA,NA
"1439",2022-06-27,"T112",NA,NA,NA,NA,NA
"1440",2022-06-27,"T113",NA,0.348827681327869,NA,NA,NA
"1441",2022-06-27,"T114",NA,NA,NA,NA,NA
"1442",2022-06-27,"T115",NA,0.289783514622951,NA,NA,NA
"1443",2022-06-27,"T116",NA,0.302373222459016,NA,NA,NA
"1444",2022-06-27,"T129",NA,NA,NA,NA,NA
"1445",2022-06-27,"T132",NA,0.406866614721311,NA,NA,NA
"1446",2022-06-27,"T135",NA,0.279919662754098,NA,NA,NA
"1447",2022-06-27,"T160",NA,NA,NA,NA,NA
"1448",2022-06-27,"T162",NA,0.44006017157377,NA,NA,NA
"1449",2022-06-27,"T166",NA,0.286085555819672,NA,NA,NA
"1450",2022-06-27,"T175",NA,0.353340993213115,NA,NA,NA
"1451",2022-06-27,"T179",NA,0.319083509327869,NA,NA,NA
"1452",2022-06-27,"T180",NA,0.32571113057377,NA,NA,NA
"1453",2022-06-27,"T181",NA,0.362271723016393,NA,NA,NA
"1454",2022-06-27,"T182",NA,0.318291938967213,NA,NA,NA
"1455",2022-06-27,"T184",NA,0.397679298606557,NA,NA,NA
"1456",2022-06-27,"T185",NA,0.312634957983607,NA,NA,NA
"1457",2022-06-27,"T186",NA,0.335548783295082,NA,NA,NA
"1458",2022-06-27,"T187",NA,0.357199771540984,NA,NA,NA
"1459",2022-06-27,"T189",NA,0.381160608901639,NA,NA,NA
"1460",2022-06-27,"T190",NA,0.291285259934426,NA,NA,NA
"1461",2022-06-27,NA,NA,NA,465.306901639344,24.3967213114754,0.662158643606557
"1462",2022-06-28,"C1",0.509786885245902,NA,NA,NA,NA
"1463",2022-06-28,"C10",0.71655737704918,NA,NA,NA,NA
"1464",2022-06-28,"C11",0.42327868852459,NA,NA,NA,NA
"1465",2022-06-28,"C12",0.603426229508197,NA,NA,NA,NA
"1466",2022-06-28,"C13",0.455868852459016,NA,NA,NA,NA
"1467",2022-06-28,"C14",0.460606557377049,NA,NA,NA,NA
"1468",2022-06-28,"C15",0.323049180327869,NA,NA,NA,NA
"1469",2022-06-28,"C16",0.561147540983607,NA,NA,NA,NA
"1470",2022-06-28,"C17",0.388786885245902,NA,NA,NA,NA
"1471",2022-06-28,"C18",0.382868852459016,NA,NA,NA,NA
"1472",2022-06-28,"C2",0.523147540983607,NA,NA,NA,NA
"1473",2022-06-28,"C3",0.313229508196721,NA,NA,NA,NA
"1474",2022-06-28,"C4",0.397344262295082,NA,NA,NA,NA
"1475",2022-06-28,"C5",0.380098360655738,NA,NA,NA,NA
"1476",2022-06-28,"C6",0.499344262295082,NA,NA,NA,NA
"1477",2022-06-28,"C7",0.604590163934426,NA,NA,NA,NA
"1478",2022-06-28,"C9",0.394524590163934,NA,NA,NA,NA
"1479",2022-06-28,"T019",NA,0.388582471295082,NA,NA,NA
"1480",2022-06-28,"T034",NA,0.284580376639344,NA,NA,NA
"1481",2022-06-28,"T035",NA,0.326244206918033,NA,NA,NA
"1482",2022-06-28,"T037",NA,0.395870222032787,NA,NA,NA
"1483",2022-06-28,"T039",NA,0.369279359081967,NA,NA,NA
"1484",2022-06-28,"T055",NA,0.310579533114754,NA,NA,NA
"1485",2022-06-28,"T056",NA,0.302211194721311,NA,NA,NA
"1486",2022-06-28,"T057",NA,0.351996379196721,NA,NA,NA
"1487",2022-06-28,"T058",NA,0.332079367540984,NA,NA,NA
"1488",2022-06-28,"T060",NA,0.399090682295082,NA,NA,NA
"1489",2022-06-28,"T062",NA,NA,NA,NA,NA
"1490",2022-06-28,"T074",NA,NA,NA,NA,NA
"1491",2022-06-28,"T103",NA,0.246950324819672,NA,NA,NA
"1492",2022-06-28,"T110",NA,NA,NA,NA,NA
"1493",2022-06-28,"T112",NA,0.283651578704918,NA,NA,NA
"1494",2022-06-28,"T113",NA,0.347978180327869,NA,NA,NA
"1495",2022-06-28,"T114",NA,0.327901239409836,NA,NA,NA
"1496",2022-06-28,"T115",NA,0.293121107967213,NA,NA,NA
"1497",2022-06-28,"T116",NA,0.298404433147541,NA,NA,NA
"1498",2022-06-28,"T129",NA,0.400677956377049,NA,NA,NA
"1499",2022-06-28,"T132",NA,0.405486835344262,NA,NA,NA
"1500",2022-06-28,"T135",NA,0.283970928508197,NA,NA,NA
"1501",2022-06-28,"T160",NA,0.842649817393443,NA,NA,NA
"1502",2022-06-28,"T162",NA,0.438940475967213,NA,NA,NA
"1503",2022-06-28,"T166",NA,0.284552651327869,NA,NA,NA
"1504",2022-06-28,"T175",NA,0.348914291131148,NA,NA,NA
"1505",2022-06-28,"T179",NA,0.316295335,NA,NA,NA
"1506",2022-06-28,"T180",NA,0.317459925262295,NA,NA,NA
"1507",2022-06-28,"T181",NA,0.365374477885246,NA,NA,NA
"1508",2022-06-28,"T182",NA,0.318829530213115,NA,NA,NA
"1509",2022-06-28,"T184",NA,0.397261129688525,NA,NA,NA
"1510",2022-06-28,"T185",NA,0.31342341242623,NA,NA,NA
"1511",2022-06-28,"T186",NA,0.330859517426229,NA,NA,NA
"1512",2022-06-28,"T187",NA,0.357327969311475,NA,NA,NA
"1513",2022-06-28,"T189",NA,0.381233038098361,NA,NA,NA
"1514",2022-06-28,"T190",NA,0.282590131688525,NA,NA,NA
"1515",2022-06-28,NA,NA,NA,902.431409836066,22.597868852459,1.3400579647541
"1516",2022-06-29,"C1",0.511262295081967,NA,NA,NA,NA
"1517",2022-06-29,"C10",0.717540983606557,NA,NA,NA,NA
"1518",2022-06-29,"C11",0.425262295081967,NA,NA,NA,NA
"1519",2022-06-29,"C12",0.60183606557377,NA,NA,NA,NA
"1520",2022-06-29,"C13",0.44227868852459,NA,NA,NA,NA
"1521",2022-06-29,"C14",0.468590163934426,NA,NA,NA,NA
"1522",2022-06-29,"C15",0.328147540983607,NA,NA,NA,NA
"1523",2022-06-29,"C16",0.571229508196721,NA,NA,NA,NA
"1524",2022-06-29,"C17",0.392590163934426,NA,NA,NA,NA
"1525",2022-06-29,"C18",0.382983606557377,NA,NA,NA,NA
"1526",2022-06-29,"C2",0.503213114754098,NA,NA,NA,NA
"1527",2022-06-29,"C3",0.318524590163934,NA,NA,NA,NA
"1528",2022-06-29,"C4",0.394409836065574,NA,NA,NA,NA
"1529",2022-06-29,"C5",0.399377049180328,NA,NA,NA,NA
"1530",2022-06-29,"C6",0.514606557377049,NA,NA,NA,NA
"1531",2022-06-29,"C7",0.607590163934426,NA,NA,NA,NA
"1532",2022-06-29,"C9",0.397639344262295,NA,NA,NA,NA
"1533",2022-06-29,"T019",NA,0.382651734655738,NA,NA,NA
"1534",2022-06-29,"T034",NA,0.277483014852459,NA,NA,NA
"1535",2022-06-29,"T035",NA,0.318863105819672,NA,NA,NA
"1536",2022-06-29,"T037",NA,NA,NA,NA,NA
"1537",2022-06-29,"T039",NA,0.363540919098361,NA,NA,NA
"1538",2022-06-29,"T055",NA,0.308625534557377,NA,NA,NA
"1539",2022-06-29,"T056",NA,NA,NA,NA,NA
"1540",2022-06-29,"T057",NA,0.345538289327869,NA,NA,NA
"1541",2022-06-29,"T058",NA,0.322995766983607,NA,NA,NA
"1542",2022-06-29,"T060",NA,NA,NA,NA,NA
"1543",2022-06-29,"T062",NA,NA,NA,NA,NA
"1544",2022-06-29,"T074",NA,NA,NA,NA,NA
"1545",2022-06-29,"T103",NA,0.241989974081967,NA,NA,NA
"1546",2022-06-29,"T110",NA,0.350155507540984,NA,NA,NA
"1547",2022-06-29,"T112",NA,NA,NA,NA,NA
"1548",2022-06-29,"T113",NA,0.342843083819672,NA,NA,NA
"1549",2022-06-29,"T114",NA,NA,NA,NA,NA
"1550",2022-06-29,"T115",NA,NA,NA,NA,NA
"1551",2022-06-29,"T116",NA,NA,NA,NA,NA
"1552",2022-06-29,"T129",NA,0.394513971016393,NA,NA,NA
"1553",2022-06-29,"T132",NA,0.397406115262295,NA,NA,NA
"1554",2022-06-29,"T135",NA,0.278194843147541,NA,NA,NA
"1555",2022-06-29,"T160",NA,0.842998990983607,NA,NA,NA
"1556",2022-06-29,"T162",NA,0.428139305081967,NA,NA,NA
"1557",2022-06-29,"T166",NA,0.272534809836066,NA,NA,NA
"1558",2022-06-29,"T175",NA,0.341295744360656,NA,NA,NA
"1559",2022-06-29,"T179",NA,0.308105875737705,NA,NA,NA
"1560",2022-06-29,"T180",NA,NA,NA,NA,NA
"1561",2022-06-29,"T181",NA,NA,NA,NA,NA
"1562",2022-06-29,"T182",NA,0.306935180819672,NA,NA,NA
"1563",2022-06-29,"T184",NA,0.392397372409836,NA,NA,NA
"1564",2022-06-29,"T185",NA,0.303717073393443,NA,NA,NA
"1565",2022-06-29,"T186",NA,0.319411125852459,NA,NA,NA
"1566",2022-06-29,"T187",NA,0.352749032377049,NA,NA,NA
"1567",2022-06-29,"T189",NA,0.376817082754098,NA,NA,NA
"1568",2022-06-29,"T190",NA,0.270015494721311,NA,NA,NA
"1569",2022-06-29,NA,NA,NA,861.161557377049,24.9301639344262,1.11466873442623
"1570",2022-06-30,"C1",0.511655737704918,NA,NA,NA,NA
"1571",2022-06-30,"C10",0.714508196721311,NA,NA,NA,NA
"1572",2022-06-30,"C11",0.426508196721311,NA,NA,NA,NA
"1573",2022-06-30,"C12",0.600049180327869,NA,NA,NA,NA
"1574",2022-06-30,"C13",0.470583333333333,NA,NA,NA,NA
"1575",2022-06-30,"C14",0.471233333333333,NA,NA,NA,NA
"1576",2022-06-30,"C15",0.330716666666667,NA,NA,NA,NA
"1577",2022-06-30,"C16",0.57572131147541,NA,NA,NA,NA
"1578",2022-06-30,"C17",0.393295081967213,NA,NA,NA,NA
"1579",2022-06-30,"C18",0.383803278688525,NA,NA,NA,NA
"1580",2022-06-30,"C2",0.578885245901639,NA,NA,NA,NA
"1581",2022-06-30,"C3",0.318616666666667,NA,NA,NA,NA
"1582",2022-06-30,"C4",0.393393442622951,NA,NA,NA,NA
"1583",2022-06-30,"C5",0.409950819672131,NA,NA,NA,NA
"1584",2022-06-30,"C6",0.519266666666667,NA,NA,NA,NA
"1585",2022-06-30,"C7",0.606868852459016,NA,NA,NA,NA
"1586",2022-06-30,"C9",0.401433333333333,NA,NA,NA,NA
"1587",2022-06-30,"T019",NA,0.376963340131148,NA,NA,NA
"1588",2022-06-30,"T034",NA,0.269665876,NA,NA,NA
"1589",2022-06-30,"T035",NA,0.309430713213115,NA,NA,NA
"1590",2022-06-30,"T037",NA,NA,NA,NA,NA
"1591",2022-06-30,"T039",NA,NA,NA,NA,NA
"1592",2022-06-30,"T055",NA,0.30729427447541,NA,NA,NA
"1593",2022-06-30,"T056",NA,0.286395239918033,NA,NA,NA
"1594",2022-06-30,"T057",NA,0.337202699868852,NA,NA,NA
"1595",2022-06-30,"T058",NA,0.312940635901639,NA,NA,NA
"1596",2022-06-30,"T060",NA,0.383370875819672,NA,NA,NA
"1597",2022-06-30,"T062",NA,0.3054239203,NA,NA,NA
"1598",2022-06-30,"T074",NA,0.3580671223,NA,NA,NA
"1599",2022-06-30,"T103",NA,0.236431748622951,NA,NA,NA
"1600",2022-06-30,"T110",NA,0.340698950672131,NA,NA,NA
"1601",2022-06-30,"T112",NA,0.2656712818,NA,NA,NA
"1602",2022-06-30,"T113",NA,0.335909466704918,NA,NA,NA
"1603",2022-06-30,"T114",NA,0.31184541085,NA,NA,NA
"1604",2022-06-30,"T115",NA,0.26191039735,NA,NA,NA
"1605",2022-06-30,"T116",NA,0.285145672,NA,NA,NA
"1606",2022-06-30,"T129",NA,0.38770918757377,NA,NA,NA
"1607",2022-06-30,"T132",NA,0.390105201360656,NA,NA,NA
"1608",2022-06-30,"T135",NA,0.272149834983607,NA,NA,NA
"1609",2022-06-30,"T160",NA,0.842571983032787,NA,NA,NA
"1610",2022-06-30,"T162",NA,0.423942227081967,NA,NA,NA
"1611",2022-06-30,"T166",NA,0.26188879895082,NA,NA,NA
"1612",2022-06-30,"T175",NA,0.334878670147541,NA,NA,NA
"1613",2022-06-30,"T179",NA,0.300908677393443,NA,NA,NA
"1614",2022-06-30,"T180",NA,0.29014654345,NA,NA,NA
"1615",2022-06-30,"T181",NA,0.35365547095,NA,NA,NA
"1616",2022-06-30,"T182",NA,0.296894293934426,NA,NA,NA
"1617",2022-06-30,"T184",NA,0.387616918245902,NA,NA,NA
"1618",2022-06-30,"T185",NA,0.29472428065,NA,NA,NA
"1619",2022-06-30,"T186",NA,0.308598254377049,NA,NA,NA
"1620",2022-06-30,"T187",NA,0.349387338360656,NA,NA,NA
"1621",2022-06-30,"T189",NA,0.371592387704918,NA,NA,NA
"1622",2022-06-30,"T190",NA,0.260032792836066,NA,NA,NA
"1623",2022-06-30,NA,NA,NA,907.502754098361,27.3101639344262,0.800263636557377
